-- phpMyAdmin SQL Dump
-- version 4.8.4
-- https://www.phpmyadmin.net/
--
-- Máy chủ: 127.0.0.1
-- Thời gian đã tạo: Th9 15, 2019 lúc 10:47 AM
-- Phiên bản máy phục vụ: 10.1.37-MariaDB
-- Phiên bản PHP: 7.3.1

SET SQL_MODE = "NO_AUTO_VALUE_ON_ZERO";
SET AUTOCOMMIT = 0;
START TRANSACTION;
SET time_zone = "+00:00";


/*!40101 SET @OLD_CHARACTER_SET_CLIENT=@@CHARACTER_SET_CLIENT */;
/*!40101 SET @OLD_CHARACTER_SET_RESULTS=@@CHARACTER_SET_RESULTS */;
/*!40101 SET @OLD_COLLATION_CONNECTION=@@COLLATION_CONNECTION */;
/*!40101 SET NAMES utf8mb4 */;

--
-- Cơ sở dữ liệu: `cinema`
--

-- --------------------------------------------------------

--
-- Cấu trúc bảng cho bảng `cmtphim`
--

CREATE TABLE `cmtphim` (
  `id` bigint(20) UNSIGNED NOT NULL,
  `id_phim` bigint(20) UNSIGNED NOT NULL,
  `id_user` bigint(20) UNSIGNED NOT NULL,
  `noidung` text COLLATE utf8mb4_unicode_ci NOT NULL,
  `created_at` timestamp NULL DEFAULT NULL,
  `updated_at` timestamp NULL DEFAULT NULL
) ENGINE=InnoDB DEFAULT CHARSET=utf8mb4 COLLATE=utf8mb4_unicode_ci;

--
-- Đang đổ dữ liệu cho bảng `cmtphim`
--

INSERT INTO `cmtphim` (`id`, `id_phim`, `id_user`, `noidung`, `created_at`, `updated_at`) VALUES
(2, 1, 1, 'hay', '2019-04-11 16:57:42', '2019-04-11 16:57:42');

-- --------------------------------------------------------

--
-- Cấu trúc bảng cho bảng `cmttintuc`
--

CREATE TABLE `cmttintuc` (
  `id` bigint(20) UNSIGNED NOT NULL,
  `id_tintuc` bigint(20) UNSIGNED NOT NULL,
  `id_user` bigint(20) UNSIGNED NOT NULL,
  `noidung` text COLLATE utf8mb4_unicode_ci NOT NULL,
  `created_at` timestamp NULL DEFAULT NULL,
  `updated_at` timestamp NULL DEFAULT NULL
) ENGINE=InnoDB DEFAULT CHARSET=utf8mb4 COLLATE=utf8mb4_unicode_ci;

-- --------------------------------------------------------

--
-- Cấu trúc bảng cho bảng `combo`
--

CREATE TABLE `combo` (
  `id` bigint(20) UNSIGNED NOT NULL,
  `tencombo` varchar(191) COLLATE utf8_unicode_ci NOT NULL,
  `chitiet` text COLLATE utf8_unicode_ci NOT NULL,
  `gia` int(11) NOT NULL,
  `created_at` timestamp NULL DEFAULT NULL,
  `updated_at` timestamp NULL DEFAULT NULL
) ENGINE=InnoDB DEFAULT CHARSET=utf8 COLLATE=utf8_unicode_ci;

--
-- Đang đổ dữ liệu cho bảng `combo`
--

INSERT INTO `combo` (`id`, `tencombo`, `chitiet`, `gia`, `created_at`, `updated_at`) VALUES
(1, 'Combo1', '1 BẮP (NGỌT/MẶN) + 1 NƯỚC (PEPSI/7UP/MIRINDA CAM/MIRINDA SARSI)', 65000, '2019-04-01 04:32:47', '2019-04-01 04:32:47'),
(2, 'Combo2', '1 BẮP (NGỌT/MẶN) + 2 NƯỚC (PEPSI/7UP/MIRINDA CAM/MIRINDA SARSI)', 80000, '2019-04-01 04:36:25', '2019-04-01 04:36:25'),
(3, 'Family 2 Voucher', '2 BẮP (NGỌT/MẶN) + 4 NƯỚC (PEPSI/7UP/MIRINDA CAM/MIRINDA SARSI)', 150000, '2019-04-01 04:36:59', '2019-04-01 04:36:59');

-- --------------------------------------------------------

--
-- Cấu trúc bảng cho bảng `datcombo`
--

CREATE TABLE `datcombo` (
  `id` bigint(20) UNSIGNED NOT NULL,
  `id_lichchieu` bigint(20) UNSIGNED NOT NULL,
  `id_user` bigint(20) UNSIGNED NOT NULL,
  `id_combo` bigint(20) UNSIGNED NOT NULL,
  `soluong` int(11) NOT NULL,
  `created_at` timestamp NULL DEFAULT NULL,
  `updated_at` timestamp NULL DEFAULT NULL
) ENGINE=InnoDB DEFAULT CHARSET=utf8mb4 COLLATE=utf8mb4_unicode_ci;

--
-- Đang đổ dữ liệu cho bảng `datcombo`
--

INSERT INTO `datcombo` (`id`, `id_lichchieu`, `id_user`, `id_combo`, `soluong`, `created_at`, `updated_at`) VALUES
(1, 1, 1, 1, 1, '2019-05-06 09:33:55', '2019-05-06 09:33:55'),
(2, 1, 1, 1, 1, '2019-05-08 23:49:05', '2019-05-08 23:49:05');

-- --------------------------------------------------------

--
-- Cấu trúc bảng cho bảng `ghe`
--

CREATE TABLE `ghe` (
  `id` bigint(20) UNSIGNED NOT NULL,
  `id_phong` bigint(20) UNSIGNED NOT NULL,
  `row` varchar(191) COLLATE utf8_unicode_ci NOT NULL,
  `number` int(11) NOT NULL,
  `created_at` timestamp NULL DEFAULT NULL,
  `updated_at` timestamp NULL DEFAULT NULL
) ENGINE=InnoDB DEFAULT CHARSET=utf8 COLLATE=utf8_unicode_ci;

--
-- Đang đổ dữ liệu cho bảng `ghe`
--

INSERT INTO `ghe` (`id`, `id_phong`, `row`, `number`, `created_at`, `updated_at`) VALUES
(1, 1, 'A', 1, '2019-04-21 17:00:00', '2019-04-21 17:00:00'),
(2, 1, 'A', 2, '2019-04-22 17:00:00', '2019-04-22 17:00:00'),
(3, 1, 'A', 3, NULL, NULL),
(4, 1, 'A', 4, NULL, NULL),
(5, 1, 'A', 5, NULL, NULL),
(6, 1, 'A', 6, NULL, NULL),
(7, 1, 'A', 7, NULL, NULL),
(8, 1, 'A', 8, NULL, NULL),
(9, 1, 'A', 9, NULL, NULL),
(10, 1, 'A', 10, NULL, NULL),
(11, 1, 'B', 1, NULL, NULL),
(12, 1, 'B', 2, NULL, NULL),
(13, 1, 'B', 3, NULL, NULL),
(14, 1, 'B', 4, NULL, NULL),
(15, 1, 'B', 5, NULL, NULL),
(16, 1, 'B', 6, NULL, NULL),
(17, 1, 'B', 7, NULL, NULL),
(18, 1, 'B', 8, NULL, NULL),
(19, 1, 'B', 9, NULL, NULL),
(20, 1, 'B', 10, NULL, NULL),
(21, 1, 'C', 1, NULL, NULL),
(22, 1, 'C', 2, NULL, NULL),
(23, 1, 'C', 3, NULL, NULL),
(24, 1, 'C', 4, NULL, NULL),
(25, 1, 'C', 5, NULL, NULL),
(26, 1, 'C', 6, NULL, NULL),
(27, 1, 'C', 7, NULL, NULL),
(28, 1, 'C', 8, NULL, NULL),
(29, 1, 'C', 9, NULL, NULL),
(30, 1, 'C', 10, NULL, NULL),
(31, 1, 'D', 1, NULL, NULL),
(32, 1, 'D', 2, NULL, NULL),
(33, 1, 'D', 3, NULL, NULL),
(34, 1, 'D', 4, NULL, NULL),
(35, 1, 'D', 5, NULL, NULL),
(36, 1, 'D', 6, NULL, NULL),
(37, 1, 'D', 7, NULL, NULL),
(38, 1, 'D', 8, NULL, NULL),
(39, 1, 'D', 9, NULL, NULL),
(40, 1, 'D', 10, NULL, NULL),
(41, 1, 'E', 1, NULL, NULL),
(42, 1, 'E', 2, NULL, NULL),
(43, 1, 'E', 3, NULL, NULL),
(44, 1, 'E', 4, NULL, NULL),
(45, 1, 'E', 5, NULL, NULL),
(46, 1, 'E', 6, NULL, NULL),
(47, 1, 'E', 7, NULL, NULL),
(48, 1, 'E', 8, NULL, NULL),
(49, 1, 'E', 9, NULL, NULL),
(50, 1, 'E', 10, NULL, NULL),
(51, 1, 'F', 1, NULL, NULL),
(52, 1, 'F', 2, NULL, NULL),
(53, 1, 'F', 3, NULL, NULL),
(54, 1, 'F', 4, NULL, NULL),
(55, 1, 'F', 5, NULL, NULL),
(56, 1, 'F', 6, NULL, NULL),
(57, 1, 'F', 7, NULL, NULL),
(58, 1, 'F', 8, NULL, NULL),
(59, 1, 'F', 9, NULL, NULL),
(60, 1, 'F', 10, NULL, NULL),
(61, 2, 'A', 1, NULL, NULL),
(62, 2, 'A', 2, NULL, NULL),
(63, 2, 'A', 3, NULL, NULL),
(64, 2, 'A', 4, NULL, NULL),
(65, 2, 'A', 5, NULL, NULL),
(66, 2, 'A', 6, NULL, NULL),
(67, 2, 'A', 7, NULL, NULL),
(68, 2, 'A', 8, NULL, NULL),
(69, 2, 'A', 9, NULL, NULL),
(70, 2, 'A', 10, NULL, NULL),
(71, 2, 'B', 1, NULL, NULL),
(72, 2, 'B', 2, NULL, NULL),
(73, 2, 'B', 3, NULL, NULL),
(74, 2, 'B', 4, NULL, NULL),
(75, 2, 'B', 5, NULL, NULL),
(76, 2, 'B', 6, NULL, NULL),
(77, 2, 'B', 7, NULL, NULL),
(78, 2, 'B', 8, NULL, NULL),
(79, 2, 'B', 9, NULL, NULL),
(80, 2, 'B', 10, NULL, NULL),
(81, 2, 'C', 0, '2019-05-08 00:32:39', '2019-05-08 00:32:39'),
(82, 2, 'C', 1, '2019-05-08 00:32:39', '2019-05-08 00:32:39'),
(83, 2, 'C', 2, '2019-05-08 00:32:39', '2019-05-08 00:32:39'),
(84, 2, 'C', 3, '2019-05-08 00:32:39', '2019-05-08 00:32:39'),
(85, 2, 'C', 4, '2019-05-08 00:32:39', '2019-05-08 00:32:39'),
(86, 2, 'C', 5, '2019-05-08 00:32:39', '2019-05-08 00:32:39'),
(87, 2, 'C', 6, '2019-05-08 00:32:39', '2019-05-08 00:32:39'),
(88, 2, 'C', 7, '2019-05-08 00:32:39', '2019-05-08 00:32:39'),
(89, 2, 'C', 8, '2019-05-08 00:32:39', '2019-05-08 00:32:39'),
(90, 2, 'C', 9, '2019-05-08 00:32:39', '2019-05-08 00:32:39'),
(91, 2, 'C', 10, '2019-05-08 00:32:39', '2019-05-08 00:32:39'),
(92, 2, 'D', 0, '2019-05-08 00:33:04', '2019-05-08 00:33:04'),
(93, 2, 'D', 1, '2019-05-08 00:33:04', '2019-05-08 00:33:04'),
(94, 2, 'D', 2, '2019-05-08 00:33:04', '2019-05-08 00:33:04'),
(95, 2, 'D', 3, '2019-05-08 00:33:04', '2019-05-08 00:33:04'),
(96, 2, 'D', 4, '2019-05-08 00:33:04', '2019-05-08 00:33:04'),
(97, 2, 'D', 5, '2019-05-08 00:33:04', '2019-05-08 00:33:04'),
(98, 2, 'D', 6, '2019-05-08 00:33:04', '2019-05-08 00:33:04'),
(99, 2, 'D', 7, '2019-05-08 00:33:04', '2019-05-08 00:33:04'),
(100, 2, 'D', 8, '2019-05-08 00:33:04', '2019-05-08 00:33:04'),
(101, 2, 'D', 9, '2019-05-08 00:33:04', '2019-05-08 00:33:04'),
(102, 2, 'D', 10, '2019-05-08 00:33:04', '2019-05-08 00:33:04'),
(103, 2, 'E', 0, '2019-05-08 00:33:24', '2019-05-08 00:33:24'),
(104, 2, 'E', 1, '2019-05-08 00:33:24', '2019-05-08 00:33:24'),
(105, 2, 'E', 2, '2019-05-08 00:33:24', '2019-05-08 00:33:24'),
(106, 2, 'E', 3, '2019-05-08 00:33:24', '2019-05-08 00:33:24'),
(107, 2, 'E', 4, '2019-05-08 00:33:24', '2019-05-08 00:33:24'),
(108, 2, 'E', 5, '2019-05-08 00:33:24', '2019-05-08 00:33:24'),
(109, 2, 'E', 6, '2019-05-08 00:33:24', '2019-05-08 00:33:24'),
(110, 2, 'E', 7, '2019-05-08 00:33:24', '2019-05-08 00:33:24'),
(111, 2, 'E', 8, '2019-05-08 00:33:24', '2019-05-08 00:33:24'),
(112, 2, 'E', 9, '2019-05-08 00:33:24', '2019-05-08 00:33:24'),
(113, 2, 'E', 10, '2019-05-08 00:33:24', '2019-05-08 00:33:24'),
(114, 2, 'F', 0, '2019-05-08 00:33:36', '2019-05-08 00:33:36'),
(115, 2, 'F', 1, '2019-05-08 00:33:36', '2019-05-08 00:33:36'),
(116, 2, 'F', 2, '2019-05-08 00:33:36', '2019-05-08 00:33:36'),
(117, 2, 'F', 3, '2019-05-08 00:33:36', '2019-05-08 00:33:36'),
(118, 2, 'F', 4, '2019-05-08 00:33:36', '2019-05-08 00:33:36'),
(119, 2, 'F', 5, '2019-05-08 00:33:36', '2019-05-08 00:33:36'),
(120, 2, 'F', 6, '2019-05-08 00:33:36', '2019-05-08 00:33:36'),
(121, 2, 'F', 7, '2019-05-08 00:33:36', '2019-05-08 00:33:36'),
(122, 2, 'F', 8, '2019-05-08 00:33:36', '2019-05-08 00:33:36'),
(123, 2, 'F', 9, '2019-05-08 00:33:36', '2019-05-08 00:33:36'),
(124, 2, 'F', 10, '2019-05-08 00:33:36', '2019-05-08 00:33:36'),
(125, 2, 'G', 11, '2019-05-08 00:33:42', '2019-05-08 00:33:42'),
(126, 2, 'G', 1, '2019-05-08 00:33:42', '2019-05-08 00:33:42'),
(127, 2, 'G', 2, '2019-05-08 00:33:42', '2019-05-08 00:33:42'),
(128, 2, 'G', 3, '2019-05-08 00:33:42', '2019-05-08 00:33:42'),
(129, 2, 'G', 4, '2019-05-08 00:33:42', '2019-05-08 00:33:42'),
(130, 2, 'G', 5, '2019-05-08 00:33:42', '2019-05-08 00:33:42'),
(131, 2, 'G', 6, '2019-05-08 00:33:42', '2019-05-08 00:33:42'),
(132, 2, 'G', 7, '2019-05-08 00:33:42', '2019-05-08 00:33:42'),
(133, 2, 'G', 8, '2019-05-08 00:33:42', '2019-05-08 00:33:42'),
(134, 2, 'G', 9, '2019-05-08 00:33:42', '2019-05-08 00:33:42'),
(135, 2, 'G', 10, '2019-05-08 00:33:42', '2019-05-08 00:33:42'),
(136, 2, 'H', 0, '2019-05-08 00:33:47', '2019-05-08 00:33:47'),
(137, 2, 'H', 1, '2019-05-08 00:33:47', '2019-05-08 00:33:47'),
(138, 2, 'H', 2, '2019-05-08 00:33:47', '2019-05-08 00:33:47'),
(139, 2, 'H', 3, '2019-05-08 00:33:47', '2019-05-08 00:33:47'),
(140, 2, 'H', 4, '2019-05-08 00:33:47', '2019-05-08 00:33:47'),
(141, 2, 'H', 5, '2019-05-08 00:33:47', '2019-05-08 00:33:47'),
(142, 2, 'H', 6, '2019-05-08 00:33:47', '2019-05-08 00:33:47'),
(143, 2, 'H', 7, '2019-05-08 00:33:47', '2019-05-08 00:33:47'),
(144, 2, 'H', 8, '2019-05-08 00:33:47', '2019-05-08 00:33:47'),
(145, 2, 'H', 9, '2019-05-08 00:33:47', '2019-05-08 00:33:47'),
(146, 2, 'H', 10, '2019-05-08 00:33:47', '2019-05-08 00:33:47'),
(147, 3, 'A', 0, '2019-05-08 00:34:00', '2019-05-08 00:34:00'),
(148, 3, 'A', 1, '2019-05-08 00:34:00', '2019-05-08 00:34:00'),
(149, 3, 'A', 2, '2019-05-08 00:34:00', '2019-05-08 00:34:00'),
(150, 3, 'A', 3, '2019-05-08 00:34:00', '2019-05-08 00:34:00'),
(151, 3, 'A', 4, '2019-05-08 00:34:00', '2019-05-08 00:34:00'),
(152, 3, 'A', 5, '2019-05-08 00:34:00', '2019-05-08 00:34:00'),
(153, 3, 'A', 6, '2019-05-08 00:34:00', '2019-05-08 00:34:00'),
(154, 3, 'A', 7, '2019-05-08 00:34:00', '2019-05-08 00:34:00'),
(155, 3, 'A', 8, '2019-05-08 00:34:00', '2019-05-08 00:34:00'),
(156, 3, 'A', 9, '2019-05-08 00:34:00', '2019-05-08 00:34:00'),
(157, 3, 'A', 10, '2019-05-08 00:34:00', '2019-05-08 00:34:00'),
(158, 3, 'B', 0, '2019-05-08 00:34:34', '2019-05-08 00:34:34'),
(159, 3, 'B', 1, '2019-05-08 00:34:34', '2019-05-08 00:34:34'),
(160, 3, 'B', 2, '2019-05-08 00:34:34', '2019-05-08 00:34:34'),
(161, 3, 'B', 3, '2019-05-08 00:34:34', '2019-05-08 00:34:34'),
(162, 3, 'B', 4, '2019-05-08 00:34:34', '2019-05-08 00:34:34'),
(163, 3, 'B', 5, '2019-05-08 00:34:34', '2019-05-08 00:34:34'),
(164, 3, 'B', 6, '2019-05-08 00:34:34', '2019-05-08 00:34:34'),
(165, 3, 'B', 7, '2019-05-08 00:34:34', '2019-05-08 00:34:34'),
(166, 3, 'B', 8, '2019-05-08 00:34:34', '2019-05-08 00:34:34'),
(167, 3, 'B', 9, '2019-05-08 00:34:34', '2019-05-08 00:34:34'),
(168, 3, 'B', 10, '2019-05-08 00:34:34', '2019-05-08 00:34:34'),
(169, 3, 'C', 0, '2019-05-08 00:34:43', '2019-05-08 00:34:43'),
(170, 3, 'C', 1, '2019-05-08 00:34:43', '2019-05-08 00:34:43'),
(171, 3, 'C', 2, '2019-05-08 00:34:43', '2019-05-08 00:34:43'),
(172, 3, 'C', 3, '2019-05-08 00:34:43', '2019-05-08 00:34:43'),
(173, 3, 'C', 4, '2019-05-08 00:34:43', '2019-05-08 00:34:43'),
(174, 3, 'C', 5, '2019-05-08 00:34:43', '2019-05-08 00:34:43'),
(175, 3, 'C', 6, '2019-05-08 00:34:43', '2019-05-08 00:34:43'),
(176, 3, 'C', 7, '2019-05-08 00:34:43', '2019-05-08 00:34:43'),
(177, 3, 'C', 8, '2019-05-08 00:34:43', '2019-05-08 00:34:43'),
(178, 3, 'C', 9, '2019-05-08 00:34:43', '2019-05-08 00:34:43'),
(179, 3, 'C', 10, '2019-05-08 00:34:43', '2019-05-08 00:34:43'),
(180, 3, 'D', 0, '2019-05-08 00:34:49', '2019-05-08 00:34:49'),
(181, 3, 'D', 1, '2019-05-08 00:34:49', '2019-05-08 00:34:49'),
(182, 3, 'D', 2, '2019-05-08 00:34:49', '2019-05-08 00:34:49'),
(183, 3, 'D', 3, '2019-05-08 00:34:49', '2019-05-08 00:34:49'),
(184, 3, 'D', 4, '2019-05-08 00:34:49', '2019-05-08 00:34:49'),
(185, 3, 'D', 5, '2019-05-08 00:34:49', '2019-05-08 00:34:49'),
(186, 3, 'D', 6, '2019-05-08 00:34:49', '2019-05-08 00:34:49'),
(187, 3, 'D', 7, '2019-05-08 00:34:49', '2019-05-08 00:34:49'),
(188, 3, 'D', 8, '2019-05-08 00:34:49', '2019-05-08 00:34:49'),
(189, 3, 'D', 9, '2019-05-08 00:34:49', '2019-05-08 00:34:49'),
(190, 3, 'D', 10, '2019-05-08 00:34:49', '2019-05-08 00:34:49'),
(191, 3, 'E', 0, '2019-05-08 00:34:55', '2019-05-08 00:34:55'),
(192, 3, 'E', 1, '2019-05-08 00:34:55', '2019-05-08 00:34:55'),
(193, 3, 'E', 2, '2019-05-08 00:34:55', '2019-05-08 00:34:55'),
(194, 3, 'E', 3, '2019-05-08 00:34:55', '2019-05-08 00:34:55'),
(195, 3, 'E', 4, '2019-05-08 00:34:55', '2019-05-08 00:34:55'),
(196, 3, 'E', 5, '2019-05-08 00:34:55', '2019-05-08 00:34:55'),
(197, 3, 'E', 6, '2019-05-08 00:34:55', '2019-05-08 00:34:55'),
(198, 3, 'E', 7, '2019-05-08 00:34:55', '2019-05-08 00:34:55'),
(199, 3, 'E', 8, '2019-05-08 00:34:55', '2019-05-08 00:34:55'),
(200, 3, 'E', 9, '2019-05-08 00:34:55', '2019-05-08 00:34:55'),
(201, 3, 'E', 10, '2019-05-08 00:34:55', '2019-05-08 00:34:55'),
(202, 3, 'F', 0, '2019-05-08 00:35:00', '2019-05-08 00:35:00'),
(203, 3, 'F', 1, '2019-05-08 00:35:00', '2019-05-08 00:35:00'),
(204, 3, 'F', 2, '2019-05-08 00:35:00', '2019-05-08 00:35:00'),
(205, 3, 'F', 3, '2019-05-08 00:35:00', '2019-05-08 00:35:00'),
(206, 3, 'F', 4, '2019-05-08 00:35:00', '2019-05-08 00:35:00'),
(207, 3, 'F', 5, '2019-05-08 00:35:00', '2019-05-08 00:35:00'),
(208, 3, 'F', 6, '2019-05-08 00:35:00', '2019-05-08 00:35:00'),
(209, 3, 'F', 7, '2019-05-08 00:35:00', '2019-05-08 00:35:00'),
(210, 3, 'F', 8, '2019-05-08 00:35:00', '2019-05-08 00:35:00'),
(211, 3, 'F', 9, '2019-05-08 00:35:00', '2019-05-08 00:35:00'),
(212, 3, 'F', 10, '2019-05-08 00:35:00', '2019-05-08 00:35:00'),
(213, 3, 'G', 0, '2019-05-08 00:35:06', '2019-05-08 00:35:06'),
(214, 3, 'G', 1, '2019-05-08 00:35:06', '2019-05-08 00:35:06'),
(215, 3, 'G', 2, '2019-05-08 00:35:06', '2019-05-08 00:35:06'),
(216, 3, 'G', 3, '2019-05-08 00:35:06', '2019-05-08 00:35:06'),
(217, 3, 'G', 4, '2019-05-08 00:35:06', '2019-05-08 00:35:06'),
(218, 3, 'G', 5, '2019-05-08 00:35:06', '2019-05-08 00:35:06'),
(219, 3, 'G', 6, '2019-05-08 00:35:06', '2019-05-08 00:35:06'),
(220, 3, 'G', 7, '2019-05-08 00:35:06', '2019-05-08 00:35:06'),
(221, 3, 'G', 8, '2019-05-08 00:35:06', '2019-05-08 00:35:06'),
(222, 3, 'G', 9, '2019-05-08 00:35:06', '2019-05-08 00:35:06'),
(223, 3, 'G', 10, '2019-05-08 00:35:06', '2019-05-08 00:35:06'),
(224, 4, 'A', 0, '2019-05-08 00:35:41', '2019-05-08 00:35:41'),
(225, 4, 'A', 1, '2019-05-08 00:35:41', '2019-05-08 00:35:41'),
(226, 4, 'A', 2, '2019-05-08 00:35:41', '2019-05-08 00:35:41'),
(227, 4, 'A', 3, '2019-05-08 00:35:41', '2019-05-08 00:35:41'),
(228, 4, 'A', 4, '2019-05-08 00:35:41', '2019-05-08 00:35:41'),
(229, 4, 'A', 5, '2019-05-08 00:35:41', '2019-05-08 00:35:41'),
(230, 4, 'A', 6, '2019-05-08 00:35:41', '2019-05-08 00:35:41'),
(231, 4, 'A', 7, '2019-05-08 00:35:41', '2019-05-08 00:35:41'),
(232, 4, 'A', 8, '2019-05-08 00:35:41', '2019-05-08 00:35:41'),
(233, 4, 'A', 9, '2019-05-08 00:35:41', '2019-05-08 00:35:41'),
(234, 4, 'A', 10, '2019-05-08 00:35:41', '2019-05-08 00:35:41'),
(235, 4, 'B', 0, '2019-05-08 00:35:46', '2019-05-08 00:35:46'),
(236, 4, 'B', 1, '2019-05-08 00:35:46', '2019-05-08 00:35:46'),
(237, 4, 'B', 2, '2019-05-08 00:35:46', '2019-05-08 00:35:46'),
(238, 4, 'B', 3, '2019-05-08 00:35:46', '2019-05-08 00:35:46'),
(239, 4, 'B', 4, '2019-05-08 00:35:46', '2019-05-08 00:35:46'),
(240, 4, 'B', 5, '2019-05-08 00:35:46', '2019-05-08 00:35:46'),
(241, 4, 'B', 6, '2019-05-08 00:35:46', '2019-05-08 00:35:46'),
(242, 4, 'B', 7, '2019-05-08 00:35:46', '2019-05-08 00:35:46'),
(243, 4, 'B', 8, '2019-05-08 00:35:46', '2019-05-08 00:35:46'),
(244, 4, 'B', 9, '2019-05-08 00:35:46', '2019-05-08 00:35:46'),
(245, 4, 'B', 10, '2019-05-08 00:35:46', '2019-05-08 00:35:46'),
(246, 4, 'C', 0, '2019-05-08 00:35:53', '2019-05-08 00:35:53'),
(247, 4, 'C', 1, '2019-05-08 00:35:53', '2019-05-08 00:35:53'),
(248, 4, 'C', 2, '2019-05-08 00:35:53', '2019-05-08 00:35:53'),
(249, 4, 'C', 3, '2019-05-08 00:35:53', '2019-05-08 00:35:53'),
(250, 4, 'C', 4, '2019-05-08 00:35:53', '2019-05-08 00:35:53'),
(251, 4, 'C', 5, '2019-05-08 00:35:53', '2019-05-08 00:35:53'),
(252, 4, 'C', 6, '2019-05-08 00:35:53', '2019-05-08 00:35:53'),
(253, 4, 'C', 7, '2019-05-08 00:35:53', '2019-05-08 00:35:53'),
(254, 4, 'C', 8, '2019-05-08 00:35:53', '2019-05-08 00:35:53'),
(255, 4, 'C', 9, '2019-05-08 00:35:53', '2019-05-08 00:35:53'),
(256, 4, 'C', 10, '2019-05-08 00:35:53', '2019-05-08 00:35:53'),
(257, 4, 'D', 0, '2019-05-08 00:35:59', '2019-05-08 00:35:59'),
(258, 4, 'D', 1, '2019-05-08 00:35:59', '2019-05-08 00:35:59'),
(259, 4, 'D', 2, '2019-05-08 00:35:59', '2019-05-08 00:35:59'),
(260, 4, 'D', 3, '2019-05-08 00:35:59', '2019-05-08 00:35:59'),
(261, 4, 'D', 4, '2019-05-08 00:35:59', '2019-05-08 00:35:59'),
(262, 4, 'D', 5, '2019-05-08 00:35:59', '2019-05-08 00:35:59'),
(263, 4, 'D', 6, '2019-05-08 00:35:59', '2019-05-08 00:35:59'),
(264, 4, 'D', 7, '2019-05-08 00:35:59', '2019-05-08 00:35:59'),
(265, 4, 'D', 8, '2019-05-08 00:35:59', '2019-05-08 00:35:59'),
(266, 4, 'D', 9, '2019-05-08 00:35:59', '2019-05-08 00:35:59'),
(267, 4, 'D', 10, '2019-05-08 00:35:59', '2019-05-08 00:35:59'),
(268, 4, 'E', 0, '2019-05-08 00:36:26', '2019-05-08 00:36:26'),
(269, 4, 'E', 1, '2019-05-08 00:36:26', '2019-05-08 00:36:26'),
(270, 4, 'E', 2, '2019-05-08 00:36:26', '2019-05-08 00:36:26'),
(271, 4, 'E', 3, '2019-05-08 00:36:26', '2019-05-08 00:36:26'),
(272, 4, 'E', 4, '2019-05-08 00:36:26', '2019-05-08 00:36:26'),
(273, 4, 'E', 5, '2019-05-08 00:36:26', '2019-05-08 00:36:26'),
(274, 4, 'E', 6, '2019-05-08 00:36:26', '2019-05-08 00:36:26'),
(275, 4, 'E', 7, '2019-05-08 00:36:26', '2019-05-08 00:36:26'),
(276, 4, 'E', 8, '2019-05-08 00:36:26', '2019-05-08 00:36:26'),
(277, 4, 'E', 9, '2019-05-08 00:36:26', '2019-05-08 00:36:26'),
(278, 4, 'E', 10, '2019-05-08 00:36:26', '2019-05-08 00:36:26'),
(279, 4, 'F', 0, '2019-05-08 00:36:30', '2019-05-08 00:36:30'),
(280, 4, 'F', 1, '2019-05-08 00:36:30', '2019-05-08 00:36:30'),
(281, 4, 'F', 2, '2019-05-08 00:36:30', '2019-05-08 00:36:30'),
(282, 4, 'F', 3, '2019-05-08 00:36:30', '2019-05-08 00:36:30'),
(283, 4, 'F', 4, '2019-05-08 00:36:30', '2019-05-08 00:36:30'),
(284, 4, 'F', 5, '2019-05-08 00:36:30', '2019-05-08 00:36:30'),
(285, 4, 'F', 6, '2019-05-08 00:36:30', '2019-05-08 00:36:30'),
(286, 4, 'F', 7, '2019-05-08 00:36:30', '2019-05-08 00:36:30'),
(287, 4, 'F', 8, '2019-05-08 00:36:30', '2019-05-08 00:36:30'),
(288, 4, 'F', 9, '2019-05-08 00:36:30', '2019-05-08 00:36:30'),
(289, 4, 'F', 10, '2019-05-08 00:36:30', '2019-05-08 00:36:30'),
(290, 5, 'A', 0, '2019-05-08 00:36:57', '2019-05-08 00:36:57'),
(291, 5, 'A', 1, '2019-05-08 00:36:57', '2019-05-08 00:36:57'),
(292, 5, 'A', 2, '2019-05-08 00:36:57', '2019-05-08 00:36:57'),
(293, 5, 'A', 3, '2019-05-08 00:36:57', '2019-05-08 00:36:57'),
(294, 5, 'A', 4, '2019-05-08 00:36:57', '2019-05-08 00:36:57'),
(295, 5, 'A', 5, '2019-05-08 00:36:57', '2019-05-08 00:36:57'),
(296, 5, 'A', 6, '2019-05-08 00:36:57', '2019-05-08 00:36:57'),
(297, 5, 'A', 7, '2019-05-08 00:36:57', '2019-05-08 00:36:57'),
(298, 5, 'A', 8, '2019-05-08 00:36:57', '2019-05-08 00:36:57'),
(299, 5, 'A', 9, '2019-05-08 00:36:57', '2019-05-08 00:36:57'),
(300, 5, 'A', 10, '2019-05-08 00:36:57', '2019-05-08 00:36:57'),
(301, 5, 'B', 0, '2019-05-08 00:37:03', '2019-05-08 00:37:03'),
(302, 5, 'B', 1, '2019-05-08 00:37:03', '2019-05-08 00:37:03'),
(303, 5, 'B', 2, '2019-05-08 00:37:03', '2019-05-08 00:37:03'),
(304, 5, 'B', 3, '2019-05-08 00:37:03', '2019-05-08 00:37:03'),
(305, 5, 'B', 4, '2019-05-08 00:37:03', '2019-05-08 00:37:03'),
(306, 5, 'B', 5, '2019-05-08 00:37:03', '2019-05-08 00:37:03'),
(307, 5, 'B', 6, '2019-05-08 00:37:03', '2019-05-08 00:37:03'),
(308, 5, 'B', 7, '2019-05-08 00:37:03', '2019-05-08 00:37:03'),
(309, 5, 'B', 8, '2019-05-08 00:37:03', '2019-05-08 00:37:03'),
(310, 5, 'B', 9, '2019-05-08 00:37:03', '2019-05-08 00:37:03'),
(311, 5, 'B', 10, '2019-05-08 00:37:03', '2019-05-08 00:37:03'),
(312, 5, 'C', 0, '2019-05-08 00:37:08', '2019-05-08 00:37:08'),
(313, 5, 'C', 1, '2019-05-08 00:37:08', '2019-05-08 00:37:08'),
(314, 5, 'C', 2, '2019-05-08 00:37:08', '2019-05-08 00:37:08'),
(315, 5, 'C', 3, '2019-05-08 00:37:08', '2019-05-08 00:37:08'),
(316, 5, 'C', 4, '2019-05-08 00:37:08', '2019-05-08 00:37:08'),
(317, 5, 'C', 5, '2019-05-08 00:37:08', '2019-05-08 00:37:08'),
(318, 5, 'C', 6, '2019-05-08 00:37:08', '2019-05-08 00:37:08'),
(319, 5, 'C', 7, '2019-05-08 00:37:08', '2019-05-08 00:37:08'),
(320, 5, 'C', 8, '2019-05-08 00:37:08', '2019-05-08 00:37:08'),
(321, 5, 'C', 9, '2019-05-08 00:37:08', '2019-05-08 00:37:08'),
(322, 5, 'C', 10, '2019-05-08 00:37:08', '2019-05-08 00:37:08'),
(323, 5, 'D', 0, '2019-05-08 00:37:13', '2019-05-08 00:37:13'),
(324, 5, 'D', 1, '2019-05-08 00:37:13', '2019-05-08 00:37:13'),
(325, 5, 'D', 2, '2019-05-08 00:37:13', '2019-05-08 00:37:13'),
(326, 5, 'D', 3, '2019-05-08 00:37:13', '2019-05-08 00:37:13'),
(327, 5, 'D', 4, '2019-05-08 00:37:13', '2019-05-08 00:37:13'),
(328, 5, 'D', 5, '2019-05-08 00:37:13', '2019-05-08 00:37:13'),
(329, 5, 'D', 6, '2019-05-08 00:37:13', '2019-05-08 00:37:13'),
(330, 5, 'D', 7, '2019-05-08 00:37:13', '2019-05-08 00:37:13'),
(331, 5, 'D', 8, '2019-05-08 00:37:13', '2019-05-08 00:37:13'),
(332, 5, 'D', 9, '2019-05-08 00:37:13', '2019-05-08 00:37:13'),
(333, 5, 'D', 10, '2019-05-08 00:37:13', '2019-05-08 00:37:13'),
(334, 5, 'E', 0, '2019-05-08 00:37:18', '2019-05-08 00:37:18'),
(335, 5, 'E', 1, '2019-05-08 00:37:18', '2019-05-08 00:37:18'),
(336, 5, 'E', 2, '2019-05-08 00:37:18', '2019-05-08 00:37:18'),
(337, 5, 'E', 3, '2019-05-08 00:37:18', '2019-05-08 00:37:18'),
(338, 5, 'E', 4, '2019-05-08 00:37:18', '2019-05-08 00:37:18'),
(339, 5, 'E', 5, '2019-05-08 00:37:18', '2019-05-08 00:37:18'),
(340, 5, 'E', 6, '2019-05-08 00:37:18', '2019-05-08 00:37:18'),
(341, 5, 'E', 7, '2019-05-08 00:37:18', '2019-05-08 00:37:18'),
(342, 5, 'E', 8, '2019-05-08 00:37:18', '2019-05-08 00:37:18'),
(343, 5, 'E', 9, '2019-05-08 00:37:18', '2019-05-08 00:37:18'),
(344, 5, 'E', 10, '2019-05-08 00:37:18', '2019-05-08 00:37:18'),
(345, 5, 'F', 0, '2019-05-08 00:37:22', '2019-05-08 00:37:22'),
(346, 5, 'F', 1, '2019-05-08 00:37:22', '2019-05-08 00:37:22'),
(347, 5, 'F', 2, '2019-05-08 00:37:22', '2019-05-08 00:37:22'),
(348, 5, 'F', 3, '2019-05-08 00:37:22', '2019-05-08 00:37:22'),
(349, 5, 'F', 4, '2019-05-08 00:37:22', '2019-05-08 00:37:22'),
(350, 5, 'F', 5, '2019-05-08 00:37:22', '2019-05-08 00:37:22'),
(351, 5, 'F', 6, '2019-05-08 00:37:22', '2019-05-08 00:37:22'),
(352, 5, 'F', 7, '2019-05-08 00:37:22', '2019-05-08 00:37:22'),
(353, 5, 'F', 8, '2019-05-08 00:37:22', '2019-05-08 00:37:22'),
(354, 5, 'F', 9, '2019-05-08 00:37:22', '2019-05-08 00:37:22'),
(355, 5, 'F', 10, '2019-05-08 00:37:22', '2019-05-08 00:37:22'),
(356, 6, 'A', 0, '2019-05-08 00:38:09', '2019-05-08 00:38:09'),
(357, 6, 'A', 1, '2019-05-08 00:38:09', '2019-05-08 00:38:09'),
(358, 6, 'A', 2, '2019-05-08 00:38:09', '2019-05-08 00:38:09'),
(359, 6, 'A', 3, '2019-05-08 00:38:09', '2019-05-08 00:38:09'),
(360, 6, 'A', 4, '2019-05-08 00:38:09', '2019-05-08 00:38:09'),
(361, 6, 'A', 5, '2019-05-08 00:38:09', '2019-05-08 00:38:09'),
(362, 6, 'A', 6, '2019-05-08 00:38:09', '2019-05-08 00:38:09'),
(363, 6, 'A', 7, '2019-05-08 00:38:09', '2019-05-08 00:38:09'),
(364, 6, 'A', 8, '2019-05-08 00:38:09', '2019-05-08 00:38:09'),
(365, 6, 'A', 9, '2019-05-08 00:38:09', '2019-05-08 00:38:09'),
(366, 6, 'A', 10, '2019-05-08 00:38:09', '2019-05-08 00:38:09'),
(367, 6, 'B', 0, '2019-05-08 00:38:15', '2019-05-08 00:38:15'),
(368, 6, 'B', 1, '2019-05-08 00:38:15', '2019-05-08 00:38:15'),
(369, 6, 'B', 2, '2019-05-08 00:38:15', '2019-05-08 00:38:15'),
(370, 6, 'B', 3, '2019-05-08 00:38:15', '2019-05-08 00:38:15'),
(371, 6, 'B', 4, '2019-05-08 00:38:15', '2019-05-08 00:38:15'),
(372, 6, 'B', 5, '2019-05-08 00:38:15', '2019-05-08 00:38:15'),
(373, 6, 'B', 6, '2019-05-08 00:38:15', '2019-05-08 00:38:15'),
(374, 6, 'B', 7, '2019-05-08 00:38:15', '2019-05-08 00:38:15'),
(375, 6, 'B', 8, '2019-05-08 00:38:15', '2019-05-08 00:38:15'),
(376, 6, 'B', 9, '2019-05-08 00:38:15', '2019-05-08 00:38:15'),
(377, 6, 'B', 10, '2019-05-08 00:38:15', '2019-05-08 00:38:15'),
(378, 6, 'C', 0, '2019-05-08 00:38:21', '2019-05-08 00:38:21'),
(379, 6, 'C', 1, '2019-05-08 00:38:21', '2019-05-08 00:38:21'),
(380, 6, 'C', 2, '2019-05-08 00:38:21', '2019-05-08 00:38:21'),
(381, 6, 'C', 3, '2019-05-08 00:38:21', '2019-05-08 00:38:21'),
(382, 6, 'C', 4, '2019-05-08 00:38:21', '2019-05-08 00:38:21'),
(383, 6, 'C', 5, '2019-05-08 00:38:21', '2019-05-08 00:38:21'),
(384, 6, 'C', 6, '2019-05-08 00:38:21', '2019-05-08 00:38:21'),
(385, 6, 'C', 7, '2019-05-08 00:38:21', '2019-05-08 00:38:21'),
(386, 6, 'C', 8, '2019-05-08 00:38:21', '2019-05-08 00:38:21'),
(387, 6, 'C', 9, '2019-05-08 00:38:21', '2019-05-08 00:38:21'),
(388, 6, 'C', 10, '2019-05-08 00:38:21', '2019-05-08 00:38:21'),
(389, 6, 'D', 0, '2019-05-08 00:38:25', '2019-05-08 00:38:25'),
(390, 6, 'D', 1, '2019-05-08 00:38:25', '2019-05-08 00:38:25'),
(391, 6, 'D', 2, '2019-05-08 00:38:25', '2019-05-08 00:38:25'),
(392, 6, 'D', 3, '2019-05-08 00:38:25', '2019-05-08 00:38:25'),
(393, 6, 'D', 4, '2019-05-08 00:38:25', '2019-05-08 00:38:25'),
(394, 6, 'D', 5, '2019-05-08 00:38:25', '2019-05-08 00:38:25'),
(395, 6, 'D', 6, '2019-05-08 00:38:25', '2019-05-08 00:38:25'),
(396, 6, 'D', 7, '2019-05-08 00:38:25', '2019-05-08 00:38:25'),
(397, 6, 'D', 8, '2019-05-08 00:38:25', '2019-05-08 00:38:25'),
(398, 6, 'D', 9, '2019-05-08 00:38:25', '2019-05-08 00:38:25'),
(399, 6, 'D', 10, '2019-05-08 00:38:25', '2019-05-08 00:38:25'),
(400, 6, 'E', 0, '2019-05-08 00:38:30', '2019-05-08 00:38:30'),
(401, 6, 'E', 1, '2019-05-08 00:38:30', '2019-05-08 00:38:30'),
(402, 6, 'E', 2, '2019-05-08 00:38:30', '2019-05-08 00:38:30'),
(403, 6, 'E', 3, '2019-05-08 00:38:30', '2019-05-08 00:38:30'),
(404, 6, 'E', 4, '2019-05-08 00:38:30', '2019-05-08 00:38:30'),
(405, 6, 'E', 5, '2019-05-08 00:38:30', '2019-05-08 00:38:30'),
(406, 6, 'E', 6, '2019-05-08 00:38:30', '2019-05-08 00:38:30'),
(407, 6, 'E', 7, '2019-05-08 00:38:30', '2019-05-08 00:38:30'),
(408, 6, 'E', 8, '2019-05-08 00:38:30', '2019-05-08 00:38:30'),
(409, 6, 'E', 9, '2019-05-08 00:38:30', '2019-05-08 00:38:30'),
(410, 6, 'E', 10, '2019-05-08 00:38:30', '2019-05-08 00:38:30'),
(411, 6, 'F', 0, '2019-05-08 00:38:34', '2019-05-08 00:38:34'),
(412, 6, 'F', 1, '2019-05-08 00:38:34', '2019-05-08 00:38:34'),
(413, 6, 'F', 2, '2019-05-08 00:38:34', '2019-05-08 00:38:34'),
(414, 6, 'F', 3, '2019-05-08 00:38:34', '2019-05-08 00:38:34'),
(415, 6, 'F', 4, '2019-05-08 00:38:34', '2019-05-08 00:38:34'),
(416, 6, 'F', 5, '2019-05-08 00:38:34', '2019-05-08 00:38:34'),
(417, 6, 'F', 6, '2019-05-08 00:38:34', '2019-05-08 00:38:34'),
(418, 6, 'F', 7, '2019-05-08 00:38:34', '2019-05-08 00:38:34'),
(419, 6, 'F', 8, '2019-05-08 00:38:34', '2019-05-08 00:38:34'),
(420, 6, 'F', 9, '2019-05-08 00:38:34', '2019-05-08 00:38:34'),
(421, 6, 'F', 10, '2019-05-08 00:38:34', '2019-05-08 00:38:34'),
(422, 6, 'G', 0, '2019-05-08 00:38:39', '2019-05-08 00:38:39'),
(423, 6, 'G', 1, '2019-05-08 00:38:39', '2019-05-08 00:38:39'),
(424, 6, 'G', 2, '2019-05-08 00:38:39', '2019-05-08 00:38:39'),
(425, 6, 'G', 3, '2019-05-08 00:38:39', '2019-05-08 00:38:39'),
(426, 6, 'G', 4, '2019-05-08 00:38:39', '2019-05-08 00:38:39'),
(427, 6, 'G', 5, '2019-05-08 00:38:39', '2019-05-08 00:38:39'),
(428, 6, 'G', 6, '2019-05-08 00:38:39', '2019-05-08 00:38:39'),
(429, 6, 'G', 7, '2019-05-08 00:38:39', '2019-05-08 00:38:39'),
(430, 6, 'G', 8, '2019-05-08 00:38:39', '2019-05-08 00:38:39'),
(431, 6, 'G', 9, '2019-05-08 00:38:39', '2019-05-08 00:38:39'),
(432, 6, 'G', 10, '2019-05-08 00:38:39', '2019-05-08 00:38:39'),
(433, 7, 'A', 0, '2019-05-08 00:39:16', '2019-05-08 00:39:16'),
(434, 7, 'A', 1, '2019-05-08 00:39:16', '2019-05-08 00:39:16'),
(435, 7, 'A', 2, '2019-05-08 00:39:16', '2019-05-08 00:39:16'),
(436, 7, 'A', 3, '2019-05-08 00:39:16', '2019-05-08 00:39:16'),
(437, 7, 'A', 4, '2019-05-08 00:39:16', '2019-05-08 00:39:16'),
(438, 7, 'A', 5, '2019-05-08 00:39:16', '2019-05-08 00:39:16'),
(439, 7, 'A', 6, '2019-05-08 00:39:16', '2019-05-08 00:39:16'),
(440, 7, 'A', 7, '2019-05-08 00:39:16', '2019-05-08 00:39:16'),
(441, 7, 'A', 8, '2019-05-08 00:39:16', '2019-05-08 00:39:16'),
(442, 7, 'A', 9, '2019-05-08 00:39:16', '2019-05-08 00:39:16'),
(443, 7, 'A', 10, '2019-05-08 00:39:16', '2019-05-08 00:39:16'),
(444, 7, 'B', 0, '2019-05-08 00:39:22', '2019-05-08 00:39:22'),
(445, 7, 'B', 1, '2019-05-08 00:39:22', '2019-05-08 00:39:22'),
(446, 7, 'B', 2, '2019-05-08 00:39:22', '2019-05-08 00:39:22'),
(447, 7, 'B', 3, '2019-05-08 00:39:22', '2019-05-08 00:39:22'),
(448, 7, 'B', 4, '2019-05-08 00:39:22', '2019-05-08 00:39:22'),
(449, 7, 'B', 5, '2019-05-08 00:39:22', '2019-05-08 00:39:22'),
(450, 7, 'B', 6, '2019-05-08 00:39:22', '2019-05-08 00:39:22'),
(451, 7, 'B', 7, '2019-05-08 00:39:22', '2019-05-08 00:39:22'),
(452, 7, 'B', 8, '2019-05-08 00:39:22', '2019-05-08 00:39:22'),
(453, 7, 'B', 9, '2019-05-08 00:39:22', '2019-05-08 00:39:22'),
(454, 7, 'B', 10, '2019-05-08 00:39:22', '2019-05-08 00:39:22'),
(455, 7, 'C', 0, '2019-05-08 00:39:27', '2019-05-08 00:39:27'),
(456, 7, 'C', 1, '2019-05-08 00:39:27', '2019-05-08 00:39:27'),
(457, 7, 'C', 2, '2019-05-08 00:39:27', '2019-05-08 00:39:27'),
(458, 7, 'C', 3, '2019-05-08 00:39:27', '2019-05-08 00:39:27'),
(459, 7, 'C', 4, '2019-05-08 00:39:27', '2019-05-08 00:39:27'),
(460, 7, 'C', 5, '2019-05-08 00:39:27', '2019-05-08 00:39:27'),
(461, 7, 'C', 6, '2019-05-08 00:39:27', '2019-05-08 00:39:27'),
(462, 7, 'C', 7, '2019-05-08 00:39:27', '2019-05-08 00:39:27'),
(463, 7, 'C', 8, '2019-05-08 00:39:27', '2019-05-08 00:39:27'),
(464, 7, 'C', 9, '2019-05-08 00:39:27', '2019-05-08 00:39:27'),
(465, 7, 'C', 10, '2019-05-08 00:39:27', '2019-05-08 00:39:27'),
(466, 7, 'D', 0, '2019-05-08 00:39:31', '2019-05-08 00:39:31'),
(467, 7, 'D', 1, '2019-05-08 00:39:31', '2019-05-08 00:39:31'),
(468, 7, 'D', 2, '2019-05-08 00:39:31', '2019-05-08 00:39:31'),
(469, 7, 'D', 3, '2019-05-08 00:39:31', '2019-05-08 00:39:31'),
(470, 7, 'D', 4, '2019-05-08 00:39:31', '2019-05-08 00:39:31'),
(471, 7, 'D', 5, '2019-05-08 00:39:31', '2019-05-08 00:39:31'),
(472, 7, 'D', 6, '2019-05-08 00:39:31', '2019-05-08 00:39:31'),
(473, 7, 'D', 7, '2019-05-08 00:39:31', '2019-05-08 00:39:31'),
(474, 7, 'D', 8, '2019-05-08 00:39:31', '2019-05-08 00:39:31'),
(475, 7, 'D', 9, '2019-05-08 00:39:31', '2019-05-08 00:39:31'),
(476, 7, 'D', 10, '2019-05-08 00:39:31', '2019-05-08 00:39:31'),
(477, 7, 'E', 0, '2019-05-08 00:39:35', '2019-05-08 00:39:35'),
(478, 7, 'E', 1, '2019-05-08 00:39:35', '2019-05-08 00:39:35'),
(479, 7, 'E', 2, '2019-05-08 00:39:35', '2019-05-08 00:39:35'),
(480, 7, 'E', 3, '2019-05-08 00:39:35', '2019-05-08 00:39:35'),
(481, 7, 'E', 4, '2019-05-08 00:39:35', '2019-05-08 00:39:35'),
(482, 7, 'E', 5, '2019-05-08 00:39:35', '2019-05-08 00:39:35'),
(483, 7, 'E', 6, '2019-05-08 00:39:35', '2019-05-08 00:39:35'),
(484, 7, 'E', 7, '2019-05-08 00:39:35', '2019-05-08 00:39:35'),
(485, 7, 'E', 8, '2019-05-08 00:39:35', '2019-05-08 00:39:35'),
(486, 7, 'E', 9, '2019-05-08 00:39:35', '2019-05-08 00:39:35'),
(487, 7, 'E', 10, '2019-05-08 00:39:35', '2019-05-08 00:39:35'),
(488, 7, 'F', 0, '2019-05-08 00:39:39', '2019-05-08 00:39:39'),
(489, 7, 'F', 1, '2019-05-08 00:39:39', '2019-05-08 00:39:39'),
(490, 7, 'F', 2, '2019-05-08 00:39:39', '2019-05-08 00:39:39'),
(491, 7, 'F', 3, '2019-05-08 00:39:39', '2019-05-08 00:39:39'),
(492, 7, 'F', 4, '2019-05-08 00:39:39', '2019-05-08 00:39:39'),
(493, 7, 'F', 5, '2019-05-08 00:39:39', '2019-05-08 00:39:39'),
(494, 7, 'F', 6, '2019-05-08 00:39:39', '2019-05-08 00:39:39'),
(495, 7, 'F', 7, '2019-05-08 00:39:39', '2019-05-08 00:39:39'),
(496, 7, 'F', 8, '2019-05-08 00:39:39', '2019-05-08 00:39:39'),
(497, 7, 'F', 9, '2019-05-08 00:39:39', '2019-05-08 00:39:39'),
(498, 7, 'F', 10, '2019-05-08 00:39:39', '2019-05-08 00:39:39'),
(499, 7, 'G', 0, '2019-05-08 00:39:43', '2019-05-08 00:39:43'),
(500, 7, 'G', 1, '2019-05-08 00:39:43', '2019-05-08 00:39:43'),
(501, 7, 'G', 2, '2019-05-08 00:39:43', '2019-05-08 00:39:43'),
(502, 7, 'G', 3, '2019-05-08 00:39:43', '2019-05-08 00:39:43'),
(503, 7, 'G', 4, '2019-05-08 00:39:43', '2019-05-08 00:39:43'),
(504, 7, 'G', 5, '2019-05-08 00:39:43', '2019-05-08 00:39:43'),
(505, 7, 'G', 6, '2019-05-08 00:39:43', '2019-05-08 00:39:43'),
(506, 7, 'G', 7, '2019-05-08 00:39:43', '2019-05-08 00:39:43'),
(507, 7, 'G', 8, '2019-05-08 00:39:43', '2019-05-08 00:39:43'),
(508, 7, 'G', 9, '2019-05-08 00:39:43', '2019-05-08 00:39:43'),
(509, 7, 'G', 10, '2019-05-08 00:39:43', '2019-05-08 00:39:43'),
(510, 7, 'H', 0, '2019-05-08 00:39:47', '2019-05-08 00:39:47'),
(511, 7, 'H', 1, '2019-05-08 00:39:47', '2019-05-08 00:39:47'),
(512, 7, 'H', 2, '2019-05-08 00:39:47', '2019-05-08 00:39:47'),
(513, 7, 'H', 3, '2019-05-08 00:39:47', '2019-05-08 00:39:47'),
(514, 7, 'H', 4, '2019-05-08 00:39:47', '2019-05-08 00:39:47'),
(515, 7, 'H', 5, '2019-05-08 00:39:47', '2019-05-08 00:39:47'),
(516, 7, 'H', 6, '2019-05-08 00:39:47', '2019-05-08 00:39:47'),
(517, 7, 'H', 7, '2019-05-08 00:39:47', '2019-05-08 00:39:47'),
(518, 7, 'H', 8, '2019-05-08 00:39:47', '2019-05-08 00:39:47'),
(519, 7, 'H', 9, '2019-05-08 00:39:47', '2019-05-08 00:39:47'),
(520, 7, 'H', 10, '2019-05-08 00:39:47', '2019-05-08 00:39:47'),
(521, 8, 'A', 0, '2019-05-08 00:39:57', '2019-05-08 00:39:57'),
(522, 8, 'A', 1, '2019-05-08 00:39:57', '2019-05-08 00:39:57'),
(523, 8, 'A', 2, '2019-05-08 00:39:57', '2019-05-08 00:39:57'),
(524, 8, 'A', 3, '2019-05-08 00:39:57', '2019-05-08 00:39:57'),
(525, 8, 'A', 4, '2019-05-08 00:39:57', '2019-05-08 00:39:57'),
(526, 8, 'A', 5, '2019-05-08 00:39:57', '2019-05-08 00:39:57'),
(527, 8, 'A', 6, '2019-05-08 00:39:57', '2019-05-08 00:39:57'),
(528, 8, 'A', 7, '2019-05-08 00:39:57', '2019-05-08 00:39:57'),
(529, 8, 'A', 8, '2019-05-08 00:39:57', '2019-05-08 00:39:57'),
(530, 8, 'A', 9, '2019-05-08 00:39:57', '2019-05-08 00:39:57'),
(531, 8, 'A', 10, '2019-05-08 00:39:57', '2019-05-08 00:39:57'),
(532, 8, 'B', 0, '2019-05-08 00:40:01', '2019-05-08 00:40:01'),
(533, 8, 'B', 1, '2019-05-08 00:40:01', '2019-05-08 00:40:01'),
(534, 8, 'B', 2, '2019-05-08 00:40:01', '2019-05-08 00:40:01'),
(535, 8, 'B', 3, '2019-05-08 00:40:01', '2019-05-08 00:40:01'),
(536, 8, 'B', 4, '2019-05-08 00:40:01', '2019-05-08 00:40:01'),
(537, 8, 'B', 5, '2019-05-08 00:40:01', '2019-05-08 00:40:01'),
(538, 8, 'B', 6, '2019-05-08 00:40:01', '2019-05-08 00:40:01'),
(539, 8, 'B', 7, '2019-05-08 00:40:01', '2019-05-08 00:40:01'),
(540, 8, 'B', 8, '2019-05-08 00:40:01', '2019-05-08 00:40:01'),
(541, 8, 'B', 9, '2019-05-08 00:40:01', '2019-05-08 00:40:01'),
(542, 8, 'B', 10, '2019-05-08 00:40:01', '2019-05-08 00:40:01'),
(543, 8, 'C', 0, '2019-05-08 00:40:05', '2019-05-08 00:40:05'),
(544, 8, 'C', 1, '2019-05-08 00:40:05', '2019-05-08 00:40:05'),
(545, 8, 'C', 2, '2019-05-08 00:40:05', '2019-05-08 00:40:05'),
(546, 8, 'C', 3, '2019-05-08 00:40:05', '2019-05-08 00:40:05'),
(547, 8, 'C', 4, '2019-05-08 00:40:05', '2019-05-08 00:40:05'),
(548, 8, 'C', 5, '2019-05-08 00:40:05', '2019-05-08 00:40:05'),
(549, 8, 'C', 6, '2019-05-08 00:40:05', '2019-05-08 00:40:05'),
(550, 8, 'C', 7, '2019-05-08 00:40:05', '2019-05-08 00:40:05'),
(551, 8, 'C', 8, '2019-05-08 00:40:05', '2019-05-08 00:40:05'),
(552, 8, 'C', 9, '2019-05-08 00:40:05', '2019-05-08 00:40:05'),
(553, 8, 'C', 10, '2019-05-08 00:40:05', '2019-05-08 00:40:05'),
(554, 8, 'D', 0, '2019-05-08 00:40:10', '2019-05-08 00:40:10'),
(555, 8, 'D', 1, '2019-05-08 00:40:10', '2019-05-08 00:40:10'),
(556, 8, 'D', 2, '2019-05-08 00:40:10', '2019-05-08 00:40:10'),
(557, 8, 'D', 3, '2019-05-08 00:40:10', '2019-05-08 00:40:10'),
(558, 8, 'D', 4, '2019-05-08 00:40:10', '2019-05-08 00:40:10'),
(559, 8, 'D', 5, '2019-05-08 00:40:10', '2019-05-08 00:40:10'),
(560, 8, 'D', 6, '2019-05-08 00:40:10', '2019-05-08 00:40:10'),
(561, 8, 'D', 7, '2019-05-08 00:40:10', '2019-05-08 00:40:10'),
(562, 8, 'D', 8, '2019-05-08 00:40:10', '2019-05-08 00:40:10'),
(563, 8, 'D', 9, '2019-05-08 00:40:10', '2019-05-08 00:40:10'),
(564, 8, 'D', 10, '2019-05-08 00:40:10', '2019-05-08 00:40:10'),
(565, 8, 'E', 0, '2019-05-08 00:40:14', '2019-05-08 00:40:14'),
(566, 8, 'E', 1, '2019-05-08 00:40:14', '2019-05-08 00:40:14'),
(567, 8, 'E', 2, '2019-05-08 00:40:14', '2019-05-08 00:40:14'),
(568, 8, 'E', 3, '2019-05-08 00:40:14', '2019-05-08 00:40:14'),
(569, 8, 'E', 4, '2019-05-08 00:40:14', '2019-05-08 00:40:14'),
(570, 8, 'E', 5, '2019-05-08 00:40:14', '2019-05-08 00:40:14'),
(571, 8, 'E', 6, '2019-05-08 00:40:14', '2019-05-08 00:40:14'),
(572, 8, 'E', 7, '2019-05-08 00:40:14', '2019-05-08 00:40:14'),
(573, 8, 'E', 8, '2019-05-08 00:40:14', '2019-05-08 00:40:14'),
(574, 8, 'E', 9, '2019-05-08 00:40:14', '2019-05-08 00:40:14'),
(575, 8, 'E', 10, '2019-05-08 00:40:14', '2019-05-08 00:40:14'),
(576, 8, 'F', 0, '2019-05-08 00:40:19', '2019-05-08 00:40:19'),
(577, 8, 'F', 1, '2019-05-08 00:40:19', '2019-05-08 00:40:19'),
(578, 8, 'F', 2, '2019-05-08 00:40:19', '2019-05-08 00:40:19'),
(579, 8, 'F', 3, '2019-05-08 00:40:19', '2019-05-08 00:40:19'),
(580, 8, 'F', 4, '2019-05-08 00:40:19', '2019-05-08 00:40:19'),
(581, 8, 'F', 5, '2019-05-08 00:40:19', '2019-05-08 00:40:19'),
(582, 8, 'F', 6, '2019-05-08 00:40:19', '2019-05-08 00:40:19'),
(583, 8, 'F', 7, '2019-05-08 00:40:19', '2019-05-08 00:40:19'),
(584, 8, 'F', 8, '2019-05-08 00:40:19', '2019-05-08 00:40:19'),
(585, 8, 'F', 9, '2019-05-08 00:40:19', '2019-05-08 00:40:19'),
(586, 8, 'F', 10, '2019-05-08 00:40:19', '2019-05-08 00:40:19'),
(587, 8, 'G', 0, '2019-05-08 00:40:25', '2019-05-08 00:40:25'),
(588, 8, 'G', 1, '2019-05-08 00:40:25', '2019-05-08 00:40:25'),
(589, 8, 'G', 2, '2019-05-08 00:40:25', '2019-05-08 00:40:25'),
(590, 8, 'G', 3, '2019-05-08 00:40:25', '2019-05-08 00:40:25'),
(591, 8, 'G', 4, '2019-05-08 00:40:25', '2019-05-08 00:40:25'),
(592, 8, 'G', 5, '2019-05-08 00:40:25', '2019-05-08 00:40:25'),
(593, 8, 'G', 6, '2019-05-08 00:40:25', '2019-05-08 00:40:25'),
(594, 8, 'G', 7, '2019-05-08 00:40:25', '2019-05-08 00:40:25'),
(595, 8, 'G', 8, '2019-05-08 00:40:25', '2019-05-08 00:40:25'),
(596, 8, 'G', 9, '2019-05-08 00:40:25', '2019-05-08 00:40:25'),
(597, 8, 'G', 10, '2019-05-08 00:40:25', '2019-05-08 00:40:25'),
(598, 8, 'H', 0, '2019-05-08 00:40:29', '2019-05-08 00:40:29'),
(599, 8, 'H', 1, '2019-05-08 00:40:29', '2019-05-08 00:40:29'),
(600, 8, 'H', 2, '2019-05-08 00:40:29', '2019-05-08 00:40:29'),
(601, 8, 'H', 3, '2019-05-08 00:40:29', '2019-05-08 00:40:29'),
(602, 8, 'H', 4, '2019-05-08 00:40:29', '2019-05-08 00:40:29'),
(603, 8, 'H', 5, '2019-05-08 00:40:29', '2019-05-08 00:40:29'),
(604, 8, 'H', 6, '2019-05-08 00:40:29', '2019-05-08 00:40:29'),
(605, 8, 'H', 7, '2019-05-08 00:40:29', '2019-05-08 00:40:29'),
(606, 8, 'H', 8, '2019-05-08 00:40:29', '2019-05-08 00:40:29'),
(607, 8, 'H', 9, '2019-05-08 00:40:29', '2019-05-08 00:40:29'),
(608, 8, 'H', 10, '2019-05-08 00:40:29', '2019-05-08 00:40:29');

-- --------------------------------------------------------

--
-- Cấu trúc bảng cho bảng `lichchieu`
--

CREATE TABLE `lichchieu` (
  `id` bigint(20) UNSIGNED NOT NULL,
  `id_phim` bigint(20) UNSIGNED NOT NULL,
  `id_rap` bigint(20) UNSIGNED NOT NULL,
  `id_phong` bigint(20) UNSIGNED NOT NULL,
  `ngay` date NOT NULL,
  `time` time NOT NULL,
  `created_at` timestamp NULL DEFAULT NULL,
  `updated_at` timestamp NULL DEFAULT NULL
) ENGINE=InnoDB DEFAULT CHARSET=utf8 COLLATE=utf8_unicode_ci;

--
-- Đang đổ dữ liệu cho bảng `lichchieu`
--

INSERT INTO `lichchieu` (`id`, `id_phim`, `id_rap`, `id_phong`, `ngay`, `time`, `created_at`, `updated_at`) VALUES
(1, 1, 1, 1, '2019-05-09', '15:03:00', '2019-03-27 19:24:34', '2019-03-27 19:24:34'),
(8, 1, 1, 1, '2019-05-09', '20:00:00', '2019-05-05 02:16:54', '2019-05-05 02:16:54'),
(9, 2, 1, 1, '2019-05-11', '13:30:00', '2019-05-05 05:48:40', '2019-05-05 05:48:40'),
(10, 1, 1, 1, '2019-05-10', '10:00:00', '2019-05-08 00:41:48', '2019-05-08 00:41:48'),
(11, 1, 1, 1, '2019-05-10', '13:30:00', '2019-05-08 00:42:30', '2019-05-08 00:42:30'),
(12, 1, 1, 1, '2019-05-10', '20:00:00', '2019-05-08 00:43:38', '2019-05-08 00:43:38'),
(13, 1, 1, 1, '2019-05-10', '22:30:00', '2019-05-08 00:44:51', '2019-05-08 00:44:51'),
(14, 1, 2, 5, '2019-05-10', '12:00:00', '2019-05-08 00:45:29', '2019-05-08 00:45:29'),
(15, 1, 2, 5, '2019-05-10', '14:00:00', '2019-05-08 00:58:32', '2019-05-08 00:58:32'),
(16, 1, 2, 7, '2019-05-11', '15:00:00', '2019-05-08 00:59:07', '2019-05-08 00:59:07'),
(17, 2, 1, 1, '2019-05-11', '14:00:00', '2019-05-08 01:06:48', '2019-05-08 01:06:48'),
(18, 2, 1, 2, '2019-05-12', '10:00:00', '2019-05-08 01:07:40', '2019-05-08 01:07:40'),
(19, 2, 2, 7, '2019-05-11', '12:00:00', '2019-05-08 01:08:24', '2019-05-08 01:08:24'),
(20, 2, 2, 7, '2019-05-11', '18:00:00', '2019-05-08 01:08:58', '2019-05-08 01:08:58'),
(21, 2, 2, 7, '2019-05-11', '22:00:00', '2019-05-08 01:09:19', '2019-05-08 01:09:19'),
(22, 2, 2, 5, '2019-05-12', '11:30:00', '2019-05-08 01:10:32', '2019-05-08 01:10:32'),
(23, 2, 2, 5, '2019-05-12', '16:00:00', '2019-05-08 01:10:48', '2019-05-08 01:10:48'),
(24, 3, 1, 4, '2019-05-10', '09:00:00', '2019-05-08 01:11:42', '2019-05-08 01:11:42'),
(25, 3, 1, 4, '2019-05-10', '13:00:00', '2019-05-08 01:12:04', '2019-05-08 01:12:04'),
(26, 3, 1, 2, '2019-05-11', '21:00:00', '2019-05-08 01:12:59', '2019-05-08 01:12:59'),
(27, 3, 2, 7, '2019-05-10', '10:30:00', '2019-05-08 01:13:27', '2019-05-08 01:13:27'),
(28, 3, 2, 7, '2019-05-10', '15:30:00', '2019-05-08 01:14:01', '2019-05-08 01:14:01'),
(29, 4, 1, 1, '2019-05-12', '12:45:00', '2019-05-08 01:15:14', '2019-05-08 01:15:14'),
(30, 4, 1, 1, '2019-05-12', '18:00:00', '2019-05-08 01:15:41', '2019-05-08 01:15:41'),
(31, 4, 1, 1, '2019-05-13', '09:45:00', '2019-05-08 01:16:04', '2019-05-08 01:16:04'),
(32, 4, 2, 6, '2019-05-12', '10:00:00', '2019-05-08 01:16:30', '2019-05-08 01:16:30'),
(33, 4, 2, 6, '2019-05-12', '15:45:00', '2019-05-08 01:17:01', '2019-05-08 01:17:01'),
(34, 4, 2, 7, '2019-05-13', '12:45:00', '2019-05-08 01:17:20', '2019-05-08 01:17:20'),
(35, 1, 1, 1, '2019-05-10', '09:45:00', '2019-05-08 01:18:27', '2019-05-08 01:18:27'),
(36, 5, 1, 1, '2019-05-10', '09:45:00', '2019-05-08 01:18:45', '2019-05-08 01:18:45'),
(37, 5, 1, 1, '2019-05-10', '16:00:00', '2019-05-08 01:19:13', '2019-05-08 01:19:13'),
(38, 5, 2, 6, '2019-05-10', '11:00:00', '2019-05-08 01:20:21', '2019-05-08 01:20:21'),
(39, 5, 1, 2, '2019-05-10', '14:00:00', '2019-05-08 01:20:41', '2019-05-08 01:20:41'),
(40, 6, 1, 1, '2019-05-13', '11:30:00', '2019-05-08 01:23:46', '2019-05-08 01:23:46'),
(41, 6, 2, 5, '2019-05-13', '12:00:00', '2019-05-08 01:24:12', '2019-05-08 01:24:12'),
(42, 7, 1, 1, '2019-05-09', '20:00:00', '2019-05-08 01:26:27', '2019-05-08 01:26:27'),
(43, 7, 2, 5, '2019-05-09', '18:30:00', '2019-05-08 01:28:55', '2019-05-08 01:28:55'),
(44, 8, 1, 1, '2019-05-11', '12:00:00', '2019-05-08 01:30:55', '2019-05-08 01:30:55'),
(45, 8, 2, 5, '2019-05-11', '15:00:00', '2019-05-08 01:31:45', '2019-05-08 01:31:45'),
(46, 9, 1, 1, '2019-05-10', '13:45:00', '2019-05-08 01:33:10', '2019-05-08 01:33:10'),
(47, 9, 2, 5, '2019-05-10', '14:00:00', '2019-05-08 01:34:00', '2019-05-08 01:34:00'),
(48, 10, 1, 1, '2019-05-10', '10:00:00', '2019-05-08 01:34:37', '2019-05-08 01:34:37'),
(49, 10, 2, 5, '2019-05-10', '14:00:00', '2019-05-08 01:34:51', '2019-05-08 01:34:51');

-- --------------------------------------------------------

--
-- Cấu trúc bảng cho bảng `migrations`
--

CREATE TABLE `migrations` (
  `id` int(10) UNSIGNED NOT NULL,
  `migration` varchar(191) COLLATE utf8mb4_unicode_ci NOT NULL,
  `batch` int(11) NOT NULL
) ENGINE=InnoDB DEFAULT CHARSET=utf8mb4 COLLATE=utf8mb4_unicode_ci;

--
-- Đang đổ dữ liệu cho bảng `migrations`
--

INSERT INTO `migrations` (`id`, `migration`, `batch`) VALUES
(1, '2014_10_12_000000_create_users_table', 1),
(2, '2014_10_12_100000_create_password_resets_table', 1),
(3, '2019_03_20_135357_create_phim_table', 2),
(4, '2019_03_20_141710_create_tintuc_table', 3),
(5, '2019_03_20_142219_create_rap_table', 4),
(6, '2019_03_20_142133_create_phong_table', 5),
(7, '2019_03_20_142303_create_combo_table', 5),
(8, '2019_03_20_142339_create_slide_table', 5),
(9, '2019_03_20_142045_create_lichchieu_table', 6),
(10, '2019_03_20_152933_create_ghe_table', 7),
(11, '2019_03_20_153455_create_seatno_table', 8),
(12, '2019_04_07_034753_create_table_cmtphim', 9),
(13, '2019_04_07_035503_create_table_cmttintuc', 10),
(14, '2019_04_22_075743_create_table_datve', 11),
(15, '2019_04_22_080524_create_table_datghe', 12),
(16, '2019_05_06_161210_create_table_datcombo', 13);

-- --------------------------------------------------------

--
-- Cấu trúc bảng cho bảng `password_resets`
--

CREATE TABLE `password_resets` (
  `email` varchar(191) COLLATE utf8mb4_unicode_ci NOT NULL,
  `token` varchar(191) COLLATE utf8mb4_unicode_ci NOT NULL,
  `created_at` timestamp NULL DEFAULT NULL
) ENGINE=InnoDB DEFAULT CHARSET=utf8mb4 COLLATE=utf8mb4_unicode_ci;

-- --------------------------------------------------------

--
-- Cấu trúc bảng cho bảng `phim`
--

CREATE TABLE `phim` (
  `id` bigint(20) UNSIGNED NOT NULL,
  `tenphim` varchar(191) COLLATE utf8_unicode_ci NOT NULL,
  `tentienganh` varchar(191) COLLATE utf8_unicode_ci DEFAULT NULL,
  `image` varchar(191) COLLATE utf8_unicode_ci NOT NULL,
  `nsx` varchar(191) COLLATE utf8_unicode_ci DEFAULT NULL,
  `theloai` varchar(191) COLLATE utf8_unicode_ci NOT NULL,
  `quocgia` varchar(191) COLLATE utf8_unicode_ci NOT NULL,
  `daodien` varchar(191) COLLATE utf8_unicode_ci NOT NULL,
  `dienvien` varchar(191) COLLATE utf8_unicode_ci NOT NULL,
  `thoiluong` int(11) NOT NULL,
  `ngaykhoichieu` date NOT NULL,
  `trangthai` enum('0','1') COLLATE utf8_unicode_ci NOT NULL,
  `trailer` text COLLATE utf8_unicode_ci NOT NULL,
  `noidung` text COLLATE utf8_unicode_ci NOT NULL,
  `giave` int(11) DEFAULT NULL,
  `created_at` timestamp NULL DEFAULT NULL,
  `updated_at` timestamp NULL DEFAULT NULL
) ENGINE=InnoDB DEFAULT CHARSET=utf8 COLLATE=utf8_unicode_ci;

--
-- Đang đổ dữ liệu cho bảng `phim`
--

INSERT INTO `phim` (`id`, `tenphim`, `tentienganh`, `image`, `nsx`, `theloai`, `quocgia`, `daodien`, `dienvien`, `thoiluong`, `ngaykhoichieu`, `trangthai`, `trailer`, `noidung`, `giave`, `created_at`, `updated_at`) VALUES
(1, 'ÔNG HOÀNG ĐƯỜNG ĐUA: UM BOK DONG', 'THE CYCLIST KING', 'onghoangduongdua.jpg', 'Celltrion Entertainment', 'Hành Động', 'Hàn Quốc', 'Kim Yusung', 'Bi Rain, Kang So Ra, Min Hyo Rin', 118, '2019-03-22', '1', '<iframe width=\"653\" height=\"370\" src=\"https://www.youtube.com/embed/5aaQ7CaPguQ\" frameborder=\"0\" allow=\"accelerometer; autoplay; encrypted-media; gyroscope; picture-in-picture\" allowfullscreen></iframe>', 'Phim kể về câu chuyện của một vị anh hùng Hàn Quốc. Bằng kỹ năng đua xe đạp thần kỳ, anh đã đánh bại đối thủ Nhật Bản đồng thời khích lệ, vực dậy tinh thần đấu tranh của đồng bào.\r\n\r\nÔng Hoàng Đường Đua miêu tả lại chân dung của một biểu tượng được yêu thích tại Hàn Quốc khi chỉ là một người nông dân nghèo nhưng bằng ý chí và động lực phi thường, ông đã đánh bại người Nhật trong bộ môn đua xe đạp và giúp vực dậy tinh thần 20 triệu người dân vùng lên đối mặt với nhà cầm quyền đang đô hộ Hàn Quốc.\r\nÔng Hoàng Đường Đua miêu tả lại hình ảnh của Um Bok Dong (Jung Ji Hoon) - một vị anh hùng Hàn Quốc khi chỉ bằng kỹ năng đua xe đạp thần kỳ của mình, đã chiến thắng người Nhật, đất nước vốn bất bại trong bộ môn đua xe đạp và giúp vực dậy tinh thần 20 triệu người dân vùng lên đối mặt với nhà cầm quyền đang đô hộ Hàn Quốc. Ngoài tuyến truyện về cuộc đua nổi tiếng, bộ phim còn kể về cuộc chiến đấu căng thẳng của lực lượng kháng chiến bé nhỏ hòng chống lại quân đội Nhật chiếm đóng.', 60000, '2019-03-22 01:15:51', '2019-04-15 02:12:38'),
(2, 'CÔNG VIÊN KỲ DIỆU', 'WONDER PARK', 'congvienkydieu.jpg', 'Ilion Animation Studios', 'Hoạt Hình', 'Mỹ', 'Josh Appelbaum', 'Brianna Denski, Jennifer Garner, Mila Kunis, Ken Jeong', 86, '2019-03-15', '1', '<iframe width=\"653\" height=\"370\" src=\"https://www.youtube.com/embed/CbsLIlRvNjI\" frameborder=\"0\" allow=\"accelerometer; autoplay; encrypted-media; gyroscope; picture-in-picture\" allowfullscreen></iframe>', 'Có bao giờ bạn nghĩ rằng những thứ mình tưởng tượng khi còn bé lại trở thành sự thật? Cô gái năng động June tình cờ phát hiện ra công viên kỳ diệu mà cô sáng tạo thời tuổi thơ. Sau bao năm bị “cô chủ” lãng quên, liệu công viên có thể hồi sinh?', 55000, '2019-03-22 01:18:33', '2019-03-22 01:18:33'),
(3, 'KHÁCH SẠN MUMBAI - THẢM SÁT KINH HOÀNG', 'HOTEL MUMBAI', 'khachsanmumbai.jpg', 'A Hamilton And Electric Pictures Production', 'Hành Động', 'Úc', 'Anthony Maras', 'Amandeep Singh, Suhail Nayyar', 123, '2019-03-22', '1', '<iframe width=\"653\" height=\"370\" src=\"https://www.youtube.com/embed/oSgqQHSAhH4\" frameborder=\"0\" allow=\"accelerometer; autoplay; encrypted-media; gyroscope; picture-in-picture\" allowfullscreen></iframe>', 'Dựa theo câu chuyện có thật về khách sạn Taj Mahal Palacekhi bọn khủng bố tấn công thành phố Mumbai. Nhân viên khách sạn đã mạo hiểm tính mạng, không nề hà hy sinh bản thân để bảo vệ du khách và gia đình họ được an toàn.', 50000, '2019-03-22 01:22:10', '2019-03-22 01:22:10'),
(4, 'MẬT VỤ THANH TRỪNG', 'ALL THE DEVIL’S MEN', 'matvuthanhtrung.jpg', 'Big Book Media', 'Hành Động', 'Anh', 'Matthew Hope', 'William Fichtner, Sylvia Hoeks, Milo Gibson', 99, '2019-03-22', '1', '<iframe width=\"653\" height=\"370\" src=\"https://www.youtube.com/embed/iUNiu0eXAwM\" frameborder=\"0\" allow=\"accelerometer; autoplay; encrypted-media; gyroscope; picture-in-picture\" allowfullscreen></iframe>', 'Collins – một thợ săn tiền thưởng dày dặn kinh nghiệm được cử đến London, Anh để bắt giữ một nhóm những kẻ khủng bố nguy hiểm và đặc vụ CIA phản bội. Liệu trong cuộc chiến cam go này, Collins có giành được chiến thắng?', 70000, '2019-03-22 01:24:15', '2019-03-22 01:24:15'),
(5, 'BẢY VIÊN NGỌC RỒNG: HUYỀN THOẠI BROLY', 'DRAGON BALL SUPER: BROLY', '7vienngocrong.jpg', 'Toei Company, 20th Century Fox Japan', 'Hoạt Hình', 'Nhật Bản', 'Tatsuya Nagamine', 'Masako Nozawa, Ryō Horikawa, Bin Shimada', 100, '2019-03-22', '1', '<iframe width=\"653\" height=\"370\" src=\"https://www.youtube.com/embed/ZLjtKcnhg2s\" frameborder=\"0\" allow=\"accelerometer; autoplay; encrypted-media; gyroscope; picture-in-picture\" allowfullscreen></iframe>', 'Dragon Ball Super: Broly là phần phim lẻ thứ 20 của thương hiệu nổi tiếng này với sự xuất hiện của Super Saiyan huyền thoại Broly vô cùng bá đạo.\r\nTại Giải đấu sức mạnh, Goku và Vegeta đụng độ Broly – người Saiyan có quá khứ bí ẩn cùng chỉ số sức mạnh cao đột biến. Thậm chí dù ở trạng thái người thường, hắn vẫn có thể thản nhiên đánh bại Vegeta và Goku khi họ đã biến hình Super Saiyan...', 60000, '2019-03-22 01:26:19', '2019-03-22 01:26:19'),
(6, 'YÊU NHẦM BẠN THÂN', 'FRIEND ZONE', 'yeunhambanthan.jpg', 'GDH', 'Hài', 'Thái Lan', 'Chayanop Boonprakob', 'Baifern Pimchanok, Nine Naphat', 118, '2019-03-13', '1', '<iframe width=\"653\" height=\"370\" src=\"https://www.youtube.com/embed/A6gZd_SZoCs\" frameborder=\"0\" allow=\"accelerometer; autoplay; encrypted-media; gyroscope; picture-in-picture\" allowfullscreen></iframe>', 'Phim kể về câu chuyện oái ăm của Palm - anh chàng trót đem lòng yêu Gink nhưng đáng tiếc cô chỉ xếp anh vào vùng \"friend zone\". Chuyện tình đơn phương cứ thế kéo dài không hồi kết khi Palm không thể nói ra tấm lòng mình, còn Gink lại hẹn hò với chàng trai khác...', 55000, '2019-03-22 01:28:19', '2019-03-22 01:28:19'),
(7, 'HAI PHƯỢNG', NULL, 'haiphuong.jpg', 'Studio68', 'Hành Động', 'Việt Nam', 'Lê Văn Kiệt', 'Ngô Thanh Vân, Phạm Anh Khoa', 98, '2019-03-02', '1', '<iframe width=\"653\" height=\"370\" src=\"https://www.youtube.com/embed/AsZj4AFPfcE\" frameborder=\"0\" allow=\"accelerometer; autoplay; encrypted-media; gyroscope; picture-in-picture\" allowfullscreen></iframe>', 'Hai Phượng kể về cuộc hành trình đầy gay cấn và gian của khi người mẹ vùng quê tìm cách cứu con mình thoát khỏi đường dây bắt cóc khổng lồ. Không tấc sắc trong tay, người phụ nữ thân cô thế cô làm sao chống lại bọn xã hội đen tàn ác để giành lại nguồn sống của đời mình?\r\n\r\nHai Phượng do \"đả nữ\" Ngô Thanh Vân thủ vai chính sẽ ra rạp vào 22.02.2019.', 60000, '2019-03-22 01:31:14', '2019-03-22 01:31:14'),
(8, 'ĐẠI ÚY MARVEL', 'CAPTAIN MARVEL', 'caption.jpg', 'Marvel Studios', 'Hành Động', 'Mỹ', 'Anna Boden, Ryan Fleck', 'Brie Larson , Gemma Chan, Samuel L. Jackson, Jude Law, Lee Pace', 124, '2019-03-20', '1', '<iframe width=\"653\" height=\"370\" src=\"https://www.youtube.com/embed/BET8VleIy4k\" frameborder=\"0\" allow=\"accelerometer; autoplay; encrypted-media; gyroscope; picture-in-picture\" allowfullscreen></iframe>', 'Không chỉ từng là một người người lính thuộc quân đội Mỹ, Carol Denvers còn chính là Captain Marvel. Liệu bộ phim đầu tiên về nữ chiến binh đầy quyền uy và sức mạnh của vũ trụ điện ảnh Marvel có đáp ứng được mong đợi của khán giả?\r\n\r\n Là phim riêng đầu tiên làm về một nữ siêu anh hùng, Captain Marvel gánh trên vai trọng trách khá nặng nề phải vượt qua đối trọng Wonder Woman, cũng như áp lực khi Aquaman của đối thủ DCEU vừa phá mốc tỷ đô . Áp lực đó thuộc về nữ diễn viên chính Brie Larson. Brie đã phải tập luyện suốt nhiều tháng ròng rã để đạt yêu cầu cơ bắp của nhân vật.\r\n\r\nCarol Danvers là một phi công của lực lượng Không quân Hoa Kỳ. Sau một vụ tai nạn, cô được người ngoài hành tinh Kree đưa về cứu chữa. Tại đây, DNA của Carol đã được kết hợp với DNA của người Kree, từ đó giúp cô trở nên siêu khỏe, siêu nhanh.\r\n\r\nTừ đây, Captain Marvel - siêu anh hùng mạnh mẽ nhất vũ trụ ra đời. Mặt khác cùng lúc đó, trận chiến khốc liệt giữa tộc Kree và Skrull đã lan rộng và có những tác động tiêu cực ra toàn cầu, trong đấy có Trái Đất. Liệu hành trình trở thành siêu anh hùng của Carol Danvers sẽ diễn ra như thế nào?\r\n\r\nLấy bối cảnh thập niên 90, Captain Marvel còn có sự góp mặt của những cái tên quen thuộc với vũ trụ điện ảnh Marvel như Samuel L. Jackson - ngài Nick Fury thuở còn chưa chột mắt, Clark Gregg - đặc vụ Couson ngày trẻ và đặc biệt là kẻ đã bị Đội vệ binh dải ngân hà \"xóa sổ\" - Ronan do Lee Pace thể hiện.\r\n\r\nCaptain Marvel sẽ chính thức phá đảo màn ảnh rộng tại các rạp chiếu phim toàn cầu từ 8.3.2019. Trước đó, khán giả có thể xem suất chiếu sớm từ 19h00- 7.3.2019.', 70000, '2019-03-22 01:33:41', '2019-03-22 01:33:41'),
(9, 'VU QUY ĐẠI NÁO', NULL, 'dainaovuquy.jpg', 'Live On', 'Hài', 'Việt Nam', 'Lê Thiện Viễn', 'Ngọc Trinh, Diệu Nhi, Việt Hương', 110, '2019-03-10', '1', '<iframe width=\"653\" height=\"370\" src=\"https://www.youtube.com/embed/3q82frr3YW8\" frameborder=\"0\" allow=\"accelerometer; autoplay; encrypted-media; gyroscope; picture-in-picture\" allowfullscreen></iframe>', 'Trước sức ép lấy chồng của gia đình, Trang và Hiền đã quyết định bỏ trốn. Mặt khác, để kiếm tiền mưu sinh, hai cô gái ế quyết định nhận tổ chức tiệc cưới. Với sự chung tay của cậu bạn thân Hoàng, ca sĩ Tài, dì Hai chủ nhà - Một ekip tổ chức đám cưới độc nhất vô nhị được ra đời.', 55000, '2019-03-22 01:36:20', '2019-03-22 01:36:20'),
(10, 'CHỊ MƯỜI BA', NULL, 'chi-muoi-ba.png', 'Galaxy M&E', 'Hành Động', 'Việt Nam', 'Tô Gia Tuấn, Khương Ngọc', 'Thu Trang, Tiến Luật, Diệu Nhi, Khương Ngọc', 95, '2019-03-23', '1', '<iframe width=\"653\" height=\"370\" src=\"https://www.youtube.com/embed/WWB8SM93JJA\" frameborder=\"0\" allow=\"accelerometer; autoplay; encrypted-media; gyroscope; picture-in-picture\" allowfullscreen></iframe>', 'Sau thành công của webdrama Thập Tam Muội, \"hoa hậu hài\" Thu Trang tiến công màn ảnh rộng bằng phim điện ảnh Chị Mười Ba.\r\n\r\nChị Mười Ba tiếp tục kể về nhóm xã hội đen An Cư Nghĩa Đoàn do chị đại Mười Ba (Thu Trang) và đại ca Đường Băng (Tiến Luật) làm thủ lĩnh. Cả hai phải đối đầu cùng đối thủ bí ẩn- đại ca Hắc Hổ. Hắn chính là kẻ bảo kê cho Bi Long (Khương Ngọc) quậy phá suốt bấy lâu nay.', 60000, '2019-03-26 06:21:25', '2019-03-26 06:21:25'),
(11, 'TIỀN ĐEN', 'MONEY', 'tienden1.jpg', 'CJ Entertainment', 'Tội Phạm, Hành Động', 'Hàn Quốc', 'Park Noo Ri', 'Ryu Jun Yeol, Yoo Ji Tae, Jo Woo Jin', 0, '2019-04-05', '0', '<iframe width=\"653\" height=\"370\" src=\"https://www.youtube.com/embed/zDFPdz9TPa0\" frameborder=\"0\" allow=\"accelerometer; autoplay; encrypted-media; gyroscope; picture-in-picture\" allowfullscreen></iframe>', 'Từ một người có nguy cơ bị mất việc, Choi Il Hyun – một nhân viên môi giới chứng khoán đã đổi đời nhanh chóng nhờ tham gia vào những giao dịch đen của “Lệnh Bài”. Cũng chính vì thế mà anh chàng lọt vào tầm ngắm của Han Ji Cheol – người đang truy lùng bộ mặt thật sự của “Lệnh Bài”.', NULL, '2019-03-26 06:42:29', '2019-03-26 06:42:29'),
(12, 'SHAZAM!', NULL, 'SHAZAM!.jpg', 'Warner Bros, DC Entertainment', 'Hành Động', 'Mỹ', 'David F. Sandberg', 'Zachary Levi, Mark Strong', 0, '2019-04-05', '0', '<iframe width=\"653\" height=\"370\" src=\"https://www.youtube.com/embed/H6riBUe4FPM\" frameborder=\"0\" allow=\"accelerometer; autoplay; encrypted-media; gyroscope; picture-in-picture\" allowfullscreen></iframe>', 'Với phương châm trong mỗi chúng ta đều có một người hùng, chỉ cần một chút ma thuật để gợi ra. Shazam! kể về cậu bé Billy Batson nhờ một cơ duyên bất ngờ mà trở thành siêu anh hùng. Chỉ cần hét lên cụm từ SHAZAM!, cậu bé mười bốn tuổi sẽ biến thành một gã đàn ông trưởng thành có sức mạnh siêu nhiên.', NULL, '2019-03-26 06:44:40', '2019-03-26 06:44:40'),
(13, 'HELLBOY', NULL, 'hellboy.jpg', 'Nu Boyana FX', 'Hành Động, Giả Tưởng', 'Mỹ', 'Neil Marshall', 'David Harbour, Milla Jovovich, Ian McShane', 0, '2019-04-12', '0', '<iframe width=\"653\" height=\"370\" src=\"https://www.youtube.com/embed/upiI7fnE4z0\" frameborder=\"0\" allow=\"accelerometer; autoplay; encrypted-media; gyroscope; picture-in-picture\" allowfullscreen></iframe>', 'Phim được chuyển thể dựa trên tiểu thuyết của nhà văn Mike Mignola, kể cuộc chiến khốc liệt giữa Hellboy - đứa con của quỷ và nữ ác nhân Nimue.', NULL, '2019-03-26 06:48:10', '2019-03-26 06:49:02'),
(14, 'LẬT MẶT: NHÀ CÓ KHÁCH', NULL, 'lat-mat-4.jpg', 'Lý Hải Production', 'Hài, Kinh Dị', 'Việt Nam', 'Lý Hải', 'Huy Khánh, Mạc Văn Khoa, Tú Trinh', 0, '2019-04-12', '0', '<iframe width=\"653\" height=\"370\" src=\"https://www.youtube.com/embed/usxw_nsyaHs\" frameborder=\"0\" allow=\"accelerometer; autoplay; encrypted-media; gyroscope; picture-in-picture\" allowfullscreen></iframe>', 'Dự án điện ảnh tiếp theo thuộc series phim Lật Mặt của đạo diễn Lý Hải là câu chuyện xoay quanh chuyến về thăm quê đầy trắc trở của Vy và những người bạn. Theo đó, tại nhà của Vy, nhóm bạn lần lượt gặp phải các tình huống vô cùng kỳ bí, lạ lùng. Đâu là lời giải đáp cho những bí ẩn đang rình rập quanh họ?', NULL, '2019-03-26 06:51:16', '2019-03-26 06:51:16'),
(15, 'AVENGERS: HỒI KẾT', 'AVENGERS: ENDGAME', 'avengersendgame2.jpg', 'Walt Disney Studios Motion Pictures', 'Hành Động, Phiêu Lưu, Giả Tưởng', 'Mỹ', 'Anthony Russo, Joe Russo', 'Robert Downey Jr., Chris Hemsworth, Chris Evans, Scarlett Johansson, Mark Ruffalo, Jeremy Renner', 0, '2019-04-26', '0', '<iframe width=\"653\" height=\"370\" src=\"https://www.youtube.com/embed/q6UDgv5TGWA\" frameborder=\"0\" allow=\"accelerometer; autoplay; encrypted-media; gyroscope; picture-in-picture\" allowfullscreen></iframe>', 'Cú búng tay của Thanos đã khiến toàn bộ dân số biến mất một nửa. Các siêu anh hùng đánh mất bạn bè, người thân và đánh mất cả chính mình. Bộ 6 Avengers đầu tiên tứ tán. Họ phải làm gì để cứu vãn mọi chuyện? Câu trả lời sẽ có trong Avengers: Endgame.\r\n\r\nLà siêu phẩm được trông đợi nhất 2019, Avengers: Endgame đã khiến toàn cầu xôn xao khi tung trailer vào 07.12.2018. Chỉ trong vòng 24 giờ, trailer nhận được gần 300 triệu lượt xem và trở thành trailer có lượt xem cao nhất mọi thời đại.', NULL, '2019-03-26 06:53:31', '2019-03-26 06:53:31'),
(16, 'QUÝ CÔ LỪA ĐẢO', 'THE HUSTLE', 'quycoluadao3.jpg', 'Camp Sugar', 'Hài', 'Mỹ', 'Chris Addison', 'Anne Hathaway, Rebel Wilson', 0, '2019-05-10', '0', '<iframe width=\"686\" height=\"386\" src=\"https://www.youtube.com/embed/_j5hwooOHVE\" frameborder=\"0\" allow=\"accelerometer; autoplay; encrypted-media; gyroscope; picture-in-picture\" allowfullscreen></iframe>', 'Theo dõi bộ phim, khán giả sẽ được chứng kiến màn \"song kiếm hợp bích\" của hai nữ ngôi sao Anne Hathaway và Rebel Wilson. Theo đó, họ vào vai các quý cô xinh đẹp, sang chảnh luôn mang trong mình mục tiêu lừa đảo những gã đàn ông giàu có...', NULL, '2019-03-26 06:55:55', '2019-03-26 06:55:55'),
(17, 'SPIDER-MAN: FAR FROM HOME', NULL, 'spiderman10.jpg', 'Sony Pictures Releasing, Marvel Studios', 'Hành Động', 'Mỹ', 'Jon Watts', 'Tom Holland, Jake Gyllenhaal, Samuel L. Jackson', 0, '2019-07-05', '0', '<iframe width=\"653\" height=\"370\" src=\"https://www.youtube.com/embed/zxM7FnEHx1g\" frameborder=\"0\" allow=\"accelerometer; autoplay; encrypted-media; gyroscope; picture-in-picture\" allowfullscreen></iframe>', 'Trong chuyến du lịch đến châu Âu, Peter Parker và những người bạn của mình đụng độ phải một kẻ thù mới. Không những vậy, cậu còn được diện kiến Nick Fury. Liệu thử thách mới của Spider-Man sẽ khó khăn đến mức độ nào? Và vai trò của Mysterio có tác động ra sao đến chuyện phim?\r\n\r\nHãy chờ đón bom tấn siêu anh hùng này vào tháng 7.2019 nhé!', NULL, '2019-03-26 07:00:55', '2019-03-26 07:00:55'),
(18, 'FAST & FURIOUS: HOBBS & SHAW', NULL, 'ff4.jpg', 'Universal', 'Hành Động', 'Mỹ', 'David Leitch', 'Dwayne Johnson, Jason Statham, Idris Elba', 0, '2019-08-02', '0', '<iframe width=\"653\" height=\"370\" src=\"https://www.youtube.com/embed/pH7leY4mWec\" frameborder=\"0\" allow=\"accelerometer; autoplay; encrypted-media; gyroscope; picture-in-picture\" allowfullscreen></iframe>', 'Trời ơi tin được không?! Ai mà ngờ được rằng sẽ có một ngày Luke Hobbs và Deckard Shaw lại trở thành đồng minh của nhau để cùng chống lại kẻ ác, bảo vệ nhân loại chúng ta?!', NULL, '2019-03-26 07:03:41', '2019-03-26 07:03:41'),
(19, 'X-MEN: PHƯỢNG HOÀNG BÓNG TỐI', 'X-MEN: DARK PHOENIX', 'xmendarkphoenix.jpg', '20th Century Fox', 'Hành Động, Giả Tưởng', 'Mỹ', 'Simon Kinberg', 'Jennifer Lawrence, Jessica Chastain, Michael Fassbender', 0, '2019-06-07', '0', '<iframe width=\"653\" height=\"370\" src=\"https://www.youtube.com/embed/Y_g7FjsZQy0\" frameborder=\"0\" allow=\"accelerometer; autoplay; encrypted-media; gyroscope; picture-in-picture\" allowfullscreen></iframe>', 'Jean Grey bắt đầu phát triển sức mạnh phi thường tiềm ẩn trong cơ thể và nó đã biến cô thành Dark Phoenix. Bây giờ X-Men sẽ phải xem xét cuộc sống của một thành viên trong nhóm liệu có đáng giá hơn tất cả mạng sống con người trên thế giới?', NULL, '2019-03-26 07:06:20', '2019-03-26 07:06:20');

-- --------------------------------------------------------

--
-- Cấu trúc bảng cho bảng `phong`
--

CREATE TABLE `phong` (
  `id` bigint(20) UNSIGNED NOT NULL,
  `tenphong` varchar(191) COLLATE utf8_unicode_ci NOT NULL,
  `id_rap` bigint(20) UNSIGNED NOT NULL,
  `created_at` timestamp NULL DEFAULT NULL,
  `updated_at` timestamp NULL DEFAULT NULL
) ENGINE=InnoDB DEFAULT CHARSET=utf8 COLLATE=utf8_unicode_ci;

--
-- Đang đổ dữ liệu cho bảng `phong`
--

INSERT INTO `phong` (`id`, `tenphong`, `id_rap`, `created_at`, `updated_at`) VALUES
(1, 'HN 1', 1, '2019-04-01 02:50:41', '2019-04-01 02:50:41'),
(2, 'HN 2', 1, '2019-04-01 02:51:34', '2019-04-01 02:51:34'),
(3, 'HN 3', 1, NULL, NULL),
(4, 'HN 4', 1, NULL, NULL),
(5, 'HCM 1', 2, NULL, NULL),
(6, 'HCM 2', 2, NULL, NULL),
(7, 'HCM 3', 2, NULL, NULL),
(8, 'HCM 4', 2, NULL, NULL);

-- --------------------------------------------------------

--
-- Cấu trúc bảng cho bảng `rap`
--

CREATE TABLE `rap` (
  `id` bigint(20) UNSIGNED NOT NULL,
  `tenrap` varchar(191) COLLATE utf8_unicode_ci NOT NULL,
  `thongtin` text COLLATE utf8_unicode_ci NOT NULL,
  `created_at` timestamp NULL DEFAULT NULL,
  `updated_at` timestamp NULL DEFAULT NULL
) ENGINE=InnoDB DEFAULT CHARSET=utf8 COLLATE=utf8_unicode_ci;

--
-- Đang đổ dữ liệu cho bảng `rap`
--

INSERT INTO `rap` (`id`, `tenrap`, `thongtin`, `created_at`, `updated_at`) VALUES
(1, 'Galaxy Hà Nội', '', NULL, NULL),
(2, 'Galaxy TP.Hồ Chí Minh', '', '2019-03-27 08:00:00', '2019-03-27 08:00:00');

-- --------------------------------------------------------

--
-- Cấu trúc bảng cho bảng `slide`
--

CREATE TABLE `slide` (
  `id` bigint(20) UNSIGNED NOT NULL,
  `image` varchar(191) COLLATE utf8_unicode_ci NOT NULL,
  `link` varchar(191) COLLATE utf8_unicode_ci NOT NULL,
  `created_at` timestamp NULL DEFAULT NULL,
  `updated_at` timestamp NULL DEFAULT NULL
) ENGINE=InnoDB DEFAULT CHARSET=utf8 COLLATE=utf8_unicode_ci;

--
-- Đang đổ dữ liệu cho bảng `slide`
--

INSERT INTO `slide` (`id`, `image`, `link`, `created_at`, `updated_at`) VALUES
(2, 'slide-captionmavel.jpg', 'http://localhost/da/phim/8', NULL, NULL),
(4, 'congvienkydieu.jpg', 'http://localhost/da/phim/2', NULL, NULL),
(5, 'maxresdefault.jpg', 'http://localhost/da/phim/18', NULL, NULL);

-- --------------------------------------------------------

--
-- Cấu trúc bảng cho bảng `tintuc`
--

CREATE TABLE `tintuc` (
  `id` bigint(20) UNSIGNED NOT NULL,
  `tieude` varchar(191) COLLATE utf8_unicode_ci NOT NULL,
  `noidung` text COLLATE utf8_unicode_ci NOT NULL,
  `image` varchar(191) COLLATE utf8_unicode_ci NOT NULL,
  `theloai` int(11) NOT NULL,
  `created_at` timestamp NULL DEFAULT NULL,
  `updated_at` timestamp NULL DEFAULT NULL
) ENGINE=InnoDB DEFAULT CHARSET=utf8 COLLATE=utf8_unicode_ci;

--
-- Đang đổ dữ liệu cho bảng `tintuc`
--

INSERT INTO `tintuc` (`id`, `tieude`, `noidung`, `image`, `theloai`, `created_at`, `updated_at`) VALUES
(1, 'Captain Marvel: Khi Một Phụ Nữ Đủ Sức Đánh Bại Cả Biệt Đội Siêu Anh Hùng', '<p>Thế l&agrave; sau h&agrave;ng t&aacute; lời n&oacute;i dối, cuối c&ugrave;ng th&aacute;ng 3 lại l&agrave; lời n&oacute;i thật của Marvel v&igrave; Captain Marvel lại mạnh khủng khiếp đ&uacute;ng như lời chủ tịch Kevin Feige từng đề cập đến!</p>\r\n\r\n<p>Bộ phim mở đầu ở h&agrave;nh tinh người Kree v&agrave; giới thiệu nữ ch&iacute;nh Vers- c&ocirc; n&agrave;ng t&oacute;c v&agrave;ng kh&ocirc;ng&hellip; đẹp nhưng c&aacute; t&iacute;nh. Sở hữu sức mạnh phi thường c&ugrave;ng k&yacute; ức trống rỗng, Vers đang cố gắng luyện tập để được phụng sự cho Tr&iacute; Tuệ Tối Cao. Khi nhận nhiệm vụ giải cứu một điệp vi&ecirc;n khỏi tay lũ người Skull t&agrave; &aacute;c c&ugrave;ng nh&oacute;m của người thầy Yon-Rogg, Vers rời khỏi h&agrave;nh tinh, h&aacute;o hức tham gia nhiệm vụ đầu ti&ecirc;n. N&agrave;o ngờ, chuyến đi n&agrave;y sẽ m&atilde;i m&atilde;i thay đổi bản th&acirc;n c&ocirc;.</p>\r\n\r\n<p>Mặc cho những lời ch&ecirc; bai so s&aacute;nh nọ kia với c&aacute;c mỹ nữ &ldquo;Black Widow&rdquo; Scarlett Johansson, &ldquo;Scarlet Witch&rdquo; Elizabeth Olsen hay thậm ch&iacute; l&agrave; si&ecirc;u anh h&ugrave;ng nh&agrave; đối thủ DCEU &ldquo;Wonder Woman&rdquo; Gal Gadot, &ldquo;Captain Marvel&rdquo; Brie Larson debut xuất sắc. Đại &uacute;y Marvel ngay thẳng, bướng bỉnh, cứng đầu cả trong phim ra đến ngo&agrave;i đời c&oacute; thể khiến kh&aacute;n giả phật l&ograve;ng. Thế nhưng, kh&oacute; thể phủ nhận mọi nỗ lực của Nữ ch&iacute;nh xuất sắc nhất Oscar 2015 đ&atilde; th&agrave;nh c&ocirc;ng đem đến một Captain Marvel kh&oacute; thể tuyệt vời hơn.</p>\r\n\r\n<p>Kh&ocirc;ng quyến rũ như G&oacute;a phụ đen, thiếu nữ t&iacute;nh hơn C&ocirc;ng ch&uacute;a Amazon cũng chẳng ma mị bằng Nữ ph&ugrave; thủy, Đại &uacute;y Marvel &ldquo;lấy l&ograve;ng&rdquo; kh&aacute;n giả bằng sự khẳng kh&aacute;i, mạnh mẽ v&agrave; &yacute; ch&iacute; phi thường. Từ c&ocirc; b&eacute; con th&iacute;ch chơi tr&ograve; cảm gi&aacute;c mạnh, lu&ocirc;n đứng dậy mỗi khi bị ng&atilde; đến nữ phi c&ocirc;ng khiến đồng đội t&acirc;m phục khẩu phục ở kh&ocirc;ng qu&acirc;n Hoa Kỳ. Từ chiến binh hoang mang đi t&igrave;m k&yacute; ức đến Captain Marvel c&oacute; sức mạnh đủ để to&agrave;n bộ nh&oacute;m Avengers khiếp sợ.</p>\r\n\r\n<p>&nbsp;<img alt=\"\" src=\"/ckfinder/userfiles/images/mv5bzjg3mzcynzctzwixyi00ztg5ltllyjitzgy4zwuyy2vjnwq1xkeyxkfqcgdeqxvynjg2njqwmdq--v1-sy1000-sx1500-al-_1552029759829.jpg\" style=\"height:400px; width:600px\" /></p>\r\n\r\n<p><strong>Captain Marvel&nbsp;</strong>chứng tỏ rằng Carol Danvers ch&iacute;nh l&agrave; nh&acirc;n tố quan trọng nhất trong chương tiếp theo của vũ trụ điện ảnh Marvel.</p>\r\n\r\n<p>L&agrave; &ldquo;cha đẻ&rdquo; biệt đội si&ecirc;u anh h&ugrave;ng nhưng thời lượng Nick Fury xuất hiện ở c&aacute;c phần&nbsp;<em>phim hay</em>&nbsp;si&ecirc;u anh h&ugrave;ng MCU thường vỏn vẹn v&agrave;i ph&uacute;t. Sau Captain America: Winter Soldier, ch&uacute;ng ta mới lại thấy ổng tỏa s&aacute;ng. H&agrave;i hước, s&acirc;u sắc, th&ocirc;ng minh, Nick Fury thời trẻ&hellip; tr&acirc;u khiến kh&aacute;n giả mắt tr&ograve;n mắt dẹt hết bất ngờ n&agrave;y tới bất ngờ kh&aacute;c.</p>\r\n\r\n<p>Marvel thắng lớn nhờ cho ph&eacute;p Samuel L. Jackson tự do ph&aacute;t triển Nick Fury theo &yacute; m&igrave;nh. Fury l&agrave; nh&acirc;n tố ch&iacute;nh tạo ra h&agrave;ng t&aacute; tr&agrave;ng cười vui vẻ. &Ocirc;ng thể hiện ho&agrave;n hảo vẻ bất ngờ của một đặc vụ ở lần đầu nh&igrave;n thấy người ngo&agrave;i h&agrave;nh tinh. Tuy nhi&ecirc;n, ng&agrave;i Fury vẫn sở hữu c&aacute;i đầu si&ecirc;u ph&agrave;m m&agrave; d&ugrave; l&agrave; c&aacute;c si&ecirc;u anh h&ugrave;ng chẳng d&aacute;m đ&aacute;nh gi&aacute; thấp. Chỉ với khẩu s&uacute;ng ngắn, &ocirc;ng giết cả người ngo&agrave;i h&agrave;nh tinh v&agrave; l&agrave;m bạn đồng h&agrave;nh chiến đấu c&ugrave;ng nữ si&ecirc;u anh h&ugrave;ng mạnh nhất lịch sử Marvel.</p>\r\n\r\n<p>L&agrave; diễn vi&ecirc;n t&agrave;i năng nhưng vai tr&ograve; của Jude Law trong&nbsp;<strong>Captain Marvel</strong>&nbsp;c&ograve;n &iacute;t ỏi. Yon-Rog chưa được khai th&aacute;c hết, bỏ ng&otilde; nhiều chi tiết quan trọng. Chịu chung số phận l&agrave; &ldquo;Ronan&rdquo; Lee Pace. Marvel &ldquo;hồi sinh&rdquo; g&atilde; tay sai phe Thanos sau khi bị Vệ binh dải ng&acirc;n h&agrave; kết liễu ở&nbsp;<em>Guardian Of The Galaxy Vol.1</em>. Tuy nhi&ecirc;n, phần tiền truyện vẫn chẳng gi&uacute;p kh&aacute;n giả biết th&ecirc;m được bao nhi&ecirc;u về g&atilde; đao phủ cao kều c&oacute; sở th&iacute;ch giết ch&oacute;c n&agrave;y. Clark Gregg cũng chia sẻ cảnh ngộ Marvel &quot;đem con bỏ chợ&rdquo; v&igrave; đặc vụ Coulson thời trẻ chỉ xuất hiện hơn v&agrave;i ph&uacute;t.</p>\r\n\r\n<p>Ngược lại, Ben Mendelsohn g&acirc;y bất ngờ bởi vai phản diện đầy h&agrave;i hước v&agrave; duy&ecirc;n d&aacute;ng. Mỗi lần &ocirc;ng xuất hiện lại g&acirc;y cười cho kh&aacute;n giả bằng một t&igrave;nh tiết mới. C&ugrave;ng với Samuel L. Jackson, &ocirc;ng chứng minh rằng tr&igrave;nh h&agrave;i hước của MCU chưa bao giờ l&agrave;m kh&aacute;n giả thất vọng.</p>\r\n\r\n<p>Tuy nhi&ecirc;n, kẻ chiếm &ldquo;spotlight&rdquo; chẳng phải l&agrave; ng&ocirc;i sao đoạt Oscar 2015 cũng n&agrave;o phải hai nam diễn vi&ecirc;n gạo cội lại ch&iacute;nh l&agrave; kẻ m&agrave; c&aacute;c nh&agrave; sản xuất Marvel o bế ngay khi xuất hiện mờ ảo tr&ecirc;n tấm poster Captain Marvel đầu ti&ecirc;n &ndash; Goose. &ldquo;T&agrave;i năng, tinh tế, biểu tượng&rdquo; &ndash; &ldquo;Kẻ bị chiếm mất spotlight&rdquo; Brie Larson cũng phải d&agrave;nh cho bạn diễn bốn ch&acirc;n những lời c&oacute; c&aacute;nh như thế. Quả thật, từng ph&acirc;n cảnh Goose xuất hiện đều khiến con tim kh&aacute;n giả rung động kh&ocirc;ng th&ocirc;i. Hội cuồng &ldquo;ho&agrave;ng thượng&rdquo; sẽ được thỏa m&atilde;n tột c&ugrave;ng với Captain Marvel trước l&uacute;c về nh&agrave; nh&igrave;n boss nh&agrave; m&igrave;nh rồi sợ h&atilde;i nghĩ &ldquo;Lỡ đ&acirc;u n&oacute; ăn thịt m&igrave;nh?&rdquo; Kỹ xảo thời nay gi&uacute;p Marvel thể hiện ho&agrave;n hảo sinh vật h&agrave;nh tinh Flerken v&agrave; bốn ch&uacute; m&egrave;o diễn vi&ecirc;n đ&atilde; ho&agrave;n th&agrave;nh nhiệm vụ đưa l&ecirc;n m&agrave;n ảnh rộng b&eacute; Ngỗng tinh nghịch khiến to&agrave;n thế giới phải ph&aacute;t cuồng.</p>\r\n\r\n<p>Vẫn như mọi khi, Marvel tin d&ugrave;ng những nh&acirc;n tố mới, bộ đ&ocirc;i bi&ecirc;n kịch ki&ecirc;m đạo diễn Anna Boden v&agrave; Ryan Fleck c&oacute; tuổi nghề tr&ecirc;n mười năm nhưng gia t&agrave;i phim lại &iacute;t ỏi. Tuy vậy, cặp vợ chồng n&agrave;y đ&atilde; chứng tỏ &ldquo;đồng vợ đồng chồng t&aacute;t biển Đ&ocirc;ng cũng cạn&rdquo;, với sự hỗ trợ từ những c&aacute;i t&ecirc;n quen thuộc như quay phim Ben Davis, dựng phim Debbie Berman &amp; Elliot Graham&hellip; T&aacute;c phẩm họ tạo ra xứng tầm kinh ph&iacute; khổng lồ 150 triệu $.</p>\r\n\r\n<p>Tr&aacute;i với lo sợ của nhiều người,&nbsp;<strong>Captain Marvel&nbsp;</strong>kh&ocirc;ng phải l&agrave; phim nữ quyền theo hướng cực đoan. Carol Danvers l&agrave; tấm gương vươn l&ecirc;n, chứng tỏ rằng người phụ nữ c&oacute; khả năng tham gia mọi lĩnh vực nếu họ r&egrave;n luyện v&agrave; phấn đấu hết m&igrave;nh. Tuy nhi&ecirc;n, th&agrave;nh c&ocirc;ng đ&oacute; chẳng hề phủ nhận nam giới. Ch&iacute;nh Carol, ngay cả khi sở hữu sức mạnh thượng thừa lu&ocirc;n t&ocirc;n trọng một &ldquo;giống đực nh&acirc;n loại, độ nguy hiểm gần bằng 0&rdquo; như Nick Fury.</p>\r\n\r\n<p>Với việc Marvel n&oacute;i&hellip; thật, để Carol Danvers thực sự trở th&agrave;nh nữ nh&acirc;n vật mạnh nhất MCU, c&oacute; thể cho Thanos &ldquo;ăn h&agrave;nh&rdquo; cũng như &ldquo;l&agrave;m gỏi&rdquo; biệt đội si&ecirc;u anh h&ugrave;ng từ thần R&igrave;u Thor cho đến Iron Man trong bộ gi&aacute;p Nano, Marvel đ&atilde; tự đưa m&igrave;nh v&agrave;o thế kh&oacute; v&igrave; Captain Marvel trở n&ecirc;n qu&aacute; mạnh trước hai c&aacute;i t&ecirc;n sẽ c&ugrave;ng c&ocirc; g&aacute;nh v&aacute;c tương lai MCU&ndash; Black Panther v&agrave; Doctor Strange. Tuy nhi&ecirc;n, tin rằng với truyền thống phim gắn kết phim tạo th&agrave;nh vũ trụ m&agrave; MCU l&agrave; kẻ đi đầu, mọi chuyện vẫn nằm trong tầm tay c&aacute;c nh&agrave; sản xuất.</p>\r\n\r\n<p>H&atilde;y c&ugrave;ng chờ xem&nbsp;<strong>Đại &Uacute;y Marvel</strong>&nbsp;sẽ c&agrave;n qu&eacute;t bao nhi&ecirc;u mỹ kim tại c&aacute;c&nbsp;<em>rạp chiếu phim</em>&nbsp;to&agrave;n cầu trước khi tham gia cũng biệt đội si&ecirc;u anh h&ugrave;ng v&agrave; &ldquo;c&acirc;n&rdquo; lu&ocirc;n Thanos!</p>\r\n\r\n<p>Cuối c&ugrave;ng, c&aacute;c fan trung th&agrave;nh của MCU đừng qu&ecirc;n v&agrave;o sớm để kh&ocirc;ng bỏ lỡ phần credit đầu phim tri &acirc;n ng&agrave;i Stan Lee v&agrave; ở lại tới ph&uacute;t ch&oacute;t xem hết hai credit đầy th&uacute; vị nh&eacute;.</p>', 'captain.jpg', 1, '2019-03-27 06:58:00', '2019-03-27 06:58:00'),
(2, 'Captain America: Rút Lui Bình Yên Hay Hy Sinh Ở Phút Cuối Cùng?', '<p>Từ anh thanh ni&ecirc;n d&aacute;ng nhỏ th&oacute; nhưng gan to &ldquo;T&ocirc;i c&oacute; thể đ&aacute;nh nhau cả ng&agrave;y.&rdquo; tới Captain America thủ lĩnh Avengers l&agrave; qu&atilde;ng đường rất d&agrave;i Steve Rogers đ&atilde; trải qua.</p>\r\n\r\n<p><img alt=\"\" src=\"/ckfinder/userfiles/images/mv5bmtq5mjc2otk0ml5bml5banbnxkftztcwmtu2odk5nq--v1-sx1777-cr0-0-1777-999-al-_1553571086694.jpg\" style=\"height:337px; width:600px\" /></p>\r\n\r\n<p>Kh&ocirc;ng sở hữu sấm chớp như Thor, chẳng th&ocirc;ng minh tinh tế bằng Black Widow, sức mạnh thua xa Hulk, c&agrave;ng chẳng sở hữu quyền năng ph&eacute;p thuật khủng khiếp cỡ Scarlet Witch, thậm ch&iacute; c&ograve;n chả bay được như Falcon, Captain America vẫn vững v&agrave;ng ở vị tr&iacute; thủ lĩnh tinh thần cả Biệt đội si&ecirc;u anh h&ugrave;ng. V&agrave;o mọi t&igrave;nh huống, tiếng n&oacute;i Đại &Uacute;y Mỹ đều c&oacute; trọng lượng nhất định.</p>\r\n\r\n<p>Steven Grant Rogers vốn l&agrave; một thằng nh&oacute;c thấp b&eacute; nhẹ c&acirc;n, sinh ng&agrave;y 4.7.1918 tại Brooklyn. Với l&ograve;ng y&ecirc;u nước to lớn di truyền từ người cha Joseph Rogers đ&atilde; hy sinh thời thế chiến thứ nhất, cậu đăng k&yacute; tham gia qu&acirc;n đội để chiến đấu trong thế chiến thứ hai c&ugrave;ng người bạn th&acirc;n nhất James Buchanan Barnes. Thế nhưng, Steve lu&ocirc;n bị từ chối v&igrave; th&acirc;n h&igrave;nh suy dinh dưỡng trầm trọng. Thay t&ecirc;n đổi họ, l&agrave;m giả nh&acirc;n th&acirc;n, quyết t&acirc;m của cậu nh&oacute;c được tiến sĩ Abraham Erskine nh&igrave;n thấy. V&agrave; sau nhiều lần thử th&aacute;ch, &ocirc;ng quyết định chọn Steve cho dự &aacute;n t&acirc;m huyết cả đời &ndash; dự &aacute;n tạo ra si&ecirc;u anh h&ugrave;ng.</p>\r\n\r\n<p>Tuy nhi&ecirc;n, th&acirc;n h&igrave;nh to lớn c&ugrave;ng sức khỏe vượt trội kh&ocirc;ng phải l&agrave; mấu chốt để Steve Rogers trở th&agrave;nh Captain America. Suốt một thời gian d&agrave;i sau khi ti&ecirc;m huyết thanh si&ecirc;u chiến binh, Steve chỉ l&agrave; con khỉ l&agrave;m tr&ograve; tr&ecirc;n s&acirc;n khấu nhằm vận động thanh ni&ecirc;n Mỹ ra tiền tuyến. Chỉ đến l&uacute;c cứu cậu bạn th&acirc;n Bucky khỏi hang ổ Ph&aacute;t X&iacute;t, anh mới đi bước đầu ti&ecirc;n trong h&agrave;nh tr&igrave;nh trở th&agrave;nh biểu tượng tinh thần nước Mỹ.</p>\r\n\r\n<p><img alt=\"\" src=\"/ckfinder/userfiles/images/mv5bmtk1nja3ndi0n15bml5banbnxkftztcwmzi4nduwna--v1-sy1000-cr0-0-1502-1000-al-_1553571138551.jpg\" style=\"height:399px; width:600px\" /></p>\r\n\r\n<p>Trở th&agrave;nh huyền thoại nhờ t&igrave;nh y&ecirc;u d&agrave;nh cho Peggy, t&igrave;nh bạn ch&iacute; cốt với Bucky v&agrave; chiếc khi&ecirc;n do Howard Stark l&agrave;m ra, Steve hy sinh bản th&acirc;n để t&igrave;m c&aacute;ch kết th&uacute;c cuộc chiến. Nhiều khả năng lần n&agrave;y, v&igrave; kết th&uacute;c cuộc chiến v&ocirc; cực, anh cũng sẽ ra đi.</p>\r\n\r\n<p>So trong loạt phim si&ecirc;u anh h&ugrave;ng của MCU, trilogy về Captain America c&oacute; bước ph&aacute;t triển tốt nhất.</p>\r\n\r\n<p><em>Captain America: The First Avenger</em>&nbsp;tuy kh&ocirc;ng qu&aacute; xuất sắc nhưng lại l&agrave; t&aacute;c phẩm anh h&ugrave;ng chiến tranh đầy bi tr&aacute;ng, vừa đau thương vừa h&agrave;o h&ugrave;ng. Bộ phim kinh ph&iacute; 140 triệu $ n&agrave;y kiếm cho Marvel số lời nhẹ nh&agrave;ng hơn 370 triệu $. Sang đến&nbsp;<em>Captain America: Winter Soldier</em>, h&igrave;nh ảnh Đại &Uacute;y Mỹ c&oacute; sự đột ph&aacute; v&ocirc; c&ugrave;ng mạnh mẽ, trở th&agrave;nh nh&acirc;n vật được ủng hộ ngang cơ với Iron Man Tony Stark. Phim tập hợp h&agrave;ng loạt sự kiện g&acirc;y shock: Bucky trở th&agrave;nh Winter Soldier, Nick Fury bị &ldquo;giết&rdquo;, Hydra h&oacute;a ra vẫn tồn tại ngay trong ch&iacute;nh S.H.I.E.L.D v&agrave; dĩ nhi&ecirc;n kh&oacute; thể qu&ecirc;n nụ h&ocirc;n &ldquo;v&igrave; ngụy trang&rdquo; giữa Steve Rogers v&agrave; &ldquo;Black Widow&rdquo; Natasha Romanoff. Tuy t&aacute;c phẩm kinh ph&iacute; 170 triệu $ chưa ph&aacute; mốc tỷ đ&ocirc; m&agrave; &ldquo;chỉ&rdquo; kiếm 714 triệu $ ph&ograve;ng v&eacute; to&agrave;n cầu nhưng c&oacute; &yacute; nghĩa quan trọng thay đổi ho&agrave;n to&agrave;n MCU. Đa số fan c&ocirc;ng nhận đ&acirc;y l&agrave; phim hay nhất từ trước đến nay của vũ trụ điện ảnh Marvel. Những m&agrave;n chiến đấu tay đ&ocirc;i đỉnh cao trong phim vẫn được c&aacute;c fan chia sẻ v&agrave; t&aacute;n tụng đến tận h&ocirc;m nay.</p>\r\n\r\n<p><img alt=\"\" src=\"/ckfinder/userfiles/images/mv5bmtk5ntkzmzi2ov5bml5banbnxkftztgwnjmwmdm0mte--v1--cr2-116-932-391-_1553571211140.jpg\" style=\"height:252px; width:600px\" /></p>\r\n\r\n<p>Loạt phim về Cap đoạt tới đỉnh cao ph&ograve;ng v&eacute; ở&nbsp;<em>Captain Ameirca: Civil War</em>. 250 triệu $ chi ph&iacute; gi&uacute;p Marvel thu về hơn 1,153 tỷ $ tr&ecirc;n to&agrave;n thế giới. Đối thủ Marvel - DC Comic phải t&aacute;i mặt khi si&ecirc;u phẩm&nbsp;<em>Batman v Superman: Dawn Of Justice&nbsp;</em>với c&ugrave;ng kinh ph&iacute; v&agrave; ph&aacute;t h&agrave;nh trước đ&oacute; hai th&aacute;ng chỉ thu về 873 triệu $. Cuộc giải cứu Bucky khiến Steve Rogers bỏ lại chiến khi&ecirc;n Đội Trưởng Mỹ v&agrave; trở th&agrave;nh kẻ lưu vong đến Wakanda.&nbsp;<strong>Biệt Đội Si&ecirc;u Anh H&ugrave;ng</strong>&nbsp;chia rẽ s&acirc;u sắc theo hai #teamCap v&agrave; #teamIronMan. V&agrave; cho đến tận h&ocirc;m nay, thủ lĩnh của hai phe vẫn chưa c&oacute; cơ hội gặp lại nhau để h&ograve;a giải.</p>\r\n\r\n<p>Hiện tại, trong số c&aacute;c Avengers, Cap l&agrave; người c&oacute; khả năng chết cao nhất th&ocirc;ng qua trailer v&agrave;&nbsp;<strong>poster Avengers: Endgame</strong>. Hơn bất cứ ai thuộc d&agrave;n diễn vi&ecirc;n, Chris Evans đ&atilde; qu&aacute; ch&aacute;n ng&aacute;n việc kho&aacute;c l&ecirc;n người chiếc &aacute;o Đội Trưởng Mỹ. Suốt t&aacute;m năm qua, d&ugrave; tham gia bao nhi&ecirc;u dự &aacute;n điện ảnh độc lập, chịu thương chịu kh&oacute; diễn đủ loại phim h&agrave;nh x&aacute;c, người ta vẫn nhớ đến anh qua chiếc khi&ecirc;n cờ Hoa Kỳ. So với vai diễn &ldquo;Human Torch&rdquo; Johnny Storm ở&nbsp;<em>Fantastic 4</em>, Captain America &ldquo;đ&oacute;ng khung&rdquo; Chris Evans. L&agrave; diễn vi&ecirc;n lu&ocirc;n muốn ph&aacute;t triển năng lực diễn xuất, l&agrave; nh&agrave; sản xuất ki&ecirc;m đạo diễn đam m&ecirc; điện ảnh m&atilde;nh liệt, anh muốn đổi thay. Ch&iacute;nh v&igrave; thế, sự hy sinh đầy anh h&ugrave;ng của Steve Rogers trong&nbsp;<strong>Avengers: Hồi Kết&nbsp;</strong>chốt c&uacute; tuyệt vời cho nh&acirc;n vật, đưa Captain America được nhớ m&atilde;i.</p>\r\n\r\n<p><img alt=\"\" src=\"/ckfinder/userfiles/images/captain-america-4th-of-july_1553571244956.jpg\" style=\"height:338px; width:600px\" /></p>\r\n\r\n<p>Ngo&agrave;i ra, tr&aacute;i với Iron Man v&agrave; Thor chưa c&oacute; người thừa kế, d&ugrave; Steve c&oacute; chết đi, chiếc khi&ecirc;n Captain vẫn c&oacute; kẻ kế vị. Cậu bạn th&acirc;n l&acirc;u năm Bucky Barnes hay anh bạn th&acirc;n &iacute;t năm Sam Wilson c&oacute; thừa khả năng trở th&agrave;nh người đảm nhận. Tương tự Cap, Chiến Binh M&ugrave;a Đ&ocirc;ng v&agrave; Falcon đều l&agrave; những người l&iacute;nh d&agrave;y dạn trận mạc.</p>\r\n\r\n<p>Ở&nbsp;<em>Avengers: Infinity War</em>, ngo&agrave;i việc chỉ huy v&agrave; đ&aacute;nh cho đ&aacute;m &ldquo;l&acirc;u la&rdquo; Thanos một trận ra tr&ograve;, Captain America mang chiếc khi&ecirc;n mới từ vibranium dường như l&eacute;p vế trước sức mạnh thần th&aacute;nh của Thor v&agrave; bộ gi&aacute;p nano Iron Man sở hữu. Trong&nbsp;<em>trailer Avengers: Endgame</em>&nbsp;mới nhất, tr&ecirc;n tay ch&agrave;ng Captain đ&atilde; xuất hiện lại chiến khi&ecirc;n quen thuộc. Một chiến binh c&oacute; sức mạnh qu&aacute; cỏn con so với Thanos n&ecirc;n l&agrave;m thế n&agrave;o? Anh hy sinh để đồng đội tiến l&ecirc;n hay kết liễu Thanos rồi c&ugrave;ng chết? Anh sẽ r&uacute;t lui để về huấn luyện cho những Avengers trẻ hay đến thi&ecirc;n đường v&agrave; b&ugrave; đắp cho Peggy Carter điệu nhảy m&igrave;nh c&ograve;n nợ?</p>\r\n\r\n<p><strong>Avengers: Hồi Kết&nbsp;</strong>c&ocirc;ng chiếu v&agrave;o 26.4.2019 sẽ cho ch&uacute;ng ta c&acirc;u trả lời.</p>', 'captain-america_1553570092324.jpg', 0, '2019-03-27 07:07:14', '2019-03-27 07:07:14'),
(3, 'Captain Marvel: Có Đủ Sức Vượt Qua Wonder Woman Của DCEU?', '<p>Kh&oacute; thể diễn tả cảm gi&aacute;c phấn kh&iacute;ch của người h&acirc;m mộ MCU khi giữa l&uacute;c c&aacute;c si&ecirc;u anh h&ugrave;ng Avengers đang tuyệt vọng nhất th&igrave; biểu tượng Captain Marvel hiện l&ecirc;n tr&ecirc;n m&agrave;n h&igrave;nh tin nhắn qu&yacute; ng&agrave;i chột mắt Nick Fury.</p>\r\n\r\n<p>Carol Danvers- Captain Marvel c&oacute; &yacute; nghĩa quan trọng thế n&agrave;o tại vũ trụ điện ảnh Marvel?</p>\r\n\r\n<p>Đầu ti&ecirc;n, cho tới nay, c&ocirc; n&agrave;ng l&agrave; nữ anh h&ugrave;ng duy nhất MCU được ra mắt phim ri&ecirc;ng. Khỏi phải n&oacute;i fan Black Widow v&agrave; Scartlett Witch đang cảm thấy ganh tị ra sao. Vai tr&ograve; quan trọng h&agrave;ng đầu cũng khiến c&ocirc; n&agrave;ng bị so s&aacute;nh với Diana Prince/ Wonder Woman nh&agrave; DCEU. X&eacute;t về vẻ đẹp, chẳng mấy ai b&igrave; kịp cựu hoa hậu Israel Gal Gadot. Thế nhưng, ở lĩnh vực diễn xuất, c&ocirc; g&aacute;i c&aacute; t&iacute;nh Brie Larson chưa tới ba mươi đ&atilde; sở hữu một tượng v&agrave;ng Oscar danh gi&aacute;.</p>\r\n\r\n<p>Thứ hai, Captain Marvel l&agrave; nh&acirc;n vật hết sức quan trọng thuộc thế hệ si&ecirc;u anh h&ugrave;ng nối tiếp, n&agrave;ng nắm trong tay tương lai MCU c&ugrave;ng &nbsp;Doctor Strange v&agrave; Black Panther.</p>\r\n\r\n<p>Cuối c&ugrave;ng, rất nhiều giả thiết cho rằng, nữ si&ecirc;u anh h&ugrave;ng sẽ thay đổi t&igrave;nh huống ngặt ngh&egrave;o hiện giờ, l&uacute;c Thanos đ&atilde; b&uacute;ng tay biến th&agrave;nh c&aacute;t bụi hết ph&acirc;n nửa vũ trụ.</p>\r\n\r\n<p>Thế nhưng, giả thiết vẫn chỉ l&agrave; giả thiết. Qua những g&igrave; Marvel tung ra,&nbsp;<strong>Captain Marvel&nbsp;</strong>vẫn diễn ra ở thời qu&aacute; khứ. Carol Danvers xuất hiện h&agrave;ng chục năm trước thời Iron Man, thuở Nick Fury vẫn c&ograve;n trẻ trung, vui vẻ v&agrave; chưa chột.</p>\r\n\r\n<p>Lấy bối cảnh thập ni&ecirc;n 90, Carol Danvers l&agrave; nữ phi c&ocirc;ng qu&acirc;n đội Mỹ. L&uacute;c người Kree &ndash; chủng tộc chiến binh vĩ đại đại chiến lũ Skulls- kẻ th&ugrave; của c&aacute;c si&ecirc;u anh h&ugrave;ng với khả năng thay đổi h&igrave;nh dạng nổ ra, c&ocirc; kẹt lại v&agrave; bị thương. Carol được người Kree cứu nhưng mất đi k&yacute; ức. B&ugrave; lại, c&ocirc; tiếp nhận si&ecirc;u năng lực từ chủng tộc ngo&agrave;i h&agrave;nh tinh n&agrave;y.&nbsp;</p>\r\n\r\n<p><img alt=\"\" src=\"/ckfinder/userfiles/images/mv5bmtk3ndi0njixov5bml5banbnxkftztgwnzuxmjgxnzm--v1-sx1500-cr0-0-1500-999-al-_1550479529645.jpg\" style=\"height:400px; width:600px\" /></p>\r\n\r\n<p>Gi&aacute;m đốc h&atilde;ng phim Kevin Feige khẳng định Captain Marvel mạnh nhất MCU từ trước đến nay. Ngay từ thuở c&ograve;n l&agrave; phi c&ocirc;ng, c&ocirc; đ&atilde; c&oacute; khả năng xuất sắc. V&agrave; tất cả ph&aacute;t huy hơn nữa khi Carol tiếp nhận sức mạnh từ người Kree. &ldquo;Cuộc đời c&ocirc; bắt đầu từ ng&agrave;y n&oacute; su&yacute;t kết th&uacute;c.&rdquo; C&ocirc; biết bay, sở hữu sức mạnh si&ecirc;u nhi&ecirc;n, kỹ năng chiến đấu thượng thừa, tạo ra được &aacute;nh s&aacute;ng, sống s&oacute;t ngo&agrave;i vũ trụ c&ugrave;ng nhiều năng lực kh&aacute;c&hellip; Thế nhưng, k&yacute; ức thoắt ẩn thoắt hiện vẫn li&ecirc;n tục quấy nhiễu, buộc c&ocirc; phải kh&aacute;m ph&aacute; ra sự thật.&nbsp;&nbsp;</p>\r\n\r\n<p>D&ugrave; xem đi xem lại teaser &amp; trailer<strong>&nbsp;Captain Marvel&nbsp;</strong>h&agrave;ng trăm lần, vẫn c&ograve;n h&agrave;ng t&aacute; điều nằm trong v&ograve;ng b&iacute; ẩn. Nick Fury gặp Captain Marvel thế n&agrave;o? Phản diện ch&iacute;nh l&agrave; ai? Vai tr&ograve; của đặc vụ Coulson?</p>\r\n\r\n<p>Marvel &amp; Disney hầu như chưa bao giờ khiến kh&aacute;n giả thất vọng ở kh&acirc;u casting nh&acirc;n vật. Brie Larson l&agrave; diễn vi&ecirc;n nổi tiếng bằng h&agrave;ng loạt nh&acirc;n vật gai g&oacute;c, c&oacute; chiều s&acirc;u. Qu&aacute; khứ đầy b&iacute; ẩn v&agrave; những giằng x&eacute; nội t&acirc;m kh&ocirc;ng hề kh&oacute; với ng&ocirc;i sao thực lực n&agrave;y. Ngo&agrave;i đời, nữ diễn vi&ecirc;n sinh năm 1989 cũng thuộc tu&yacute;p người c&aacute; t&iacute;nh chẳng k&eacute;m nh&acirc;n vật c&ocirc; thủ vai. Brie hoạt động nữ quyền rất mạnh mẽ. Thậm ch&iacute;, năm 2017, khi trao giải Nam diễn vi&ecirc;n ch&iacute;nh xuất sắc nhất tại Oscar cho Casey Affleck &ndash; nam diễn vi&ecirc;n đang gặp rắc rối v&igrave; loạt b&ecirc; bối lạm dụng t&igrave;nh dục, Brie đứng một g&oacute;c v&agrave; từ chối vỗ tay.</p>\r\n\r\n<p>Để thể hiện ho&agrave;n hảo nhất h&igrave;nh tượng &ldquo;Đại &uacute;y Marvel&rdquo;, Brie Larson trải qua nhiều kh&oacute;a huấn luyện thể lực gian khổ, r&egrave;n luyện chẳng k&eacute;m đấng m&agrave;y r&acirc;u. Thậm ch&iacute;, c&ocirc; n&agrave;ng c&ograve;n tay kh&ocirc;ng đẩy xe jeep l&ecirc;n dốc. Đến cả anti fan phản đối Brie kh&ocirc;ng hợp vai cũng phải ng&atilde; mũ th&aacute;n phục trước nỗ lực phi thường đ&oacute;.</p>\r\n\r\n<p>Điều duy nhất người h&acirc;m mộ c&ocirc; n&agrave;ng t&oacute;c v&agrave;ng n&ecirc;n lo lắng l&agrave; Marvel c&ugrave;ng c&aacute;c diễn vi&ecirc;n sở hữu Oscar chẳng mấy hợp duy&ecirc;n. Gwyneth Paltrow, Natalie Portman&hellip; đều kh&ocirc;ng t&igrave;m thấy vai diễn tuyệt vời nơi MCU.</p>\r\n\r\n<p>Tuy tạm thời bị ng&agrave;i &ldquo;Motherf&hellip;&rdquo;đang h&oacute;a tro bụi nhưng may mắn ch&uacute;ng ta vẫn thấy &ocirc;ng trong c&acirc;u chuyện qu&aacute; khứ n&agrave;y . C&ocirc;ng nghệ CGI tuyệt vời m&agrave; Marvel &amp; Disney đ&atilde; chứng minh qua h&igrave;nh ảnh Hank Pym v&agrave; Tony Stark nay lại tiếp tục l&agrave;m kh&aacute;n giả h&agrave;o hứng tr&ocirc;ng chờ Nick Fury phi&ecirc;n bản trẻ.&nbsp; Ngo&agrave;i ra, kh&aacute;n giả vẫn c&ograve;n được gặp Nick Fury d&agrave;i d&agrave;i v&igrave; &ocirc;ng g&oacute;p mặt ở trailer&nbsp;<em>Spider-Man: Far From Home</em>&nbsp;với vai tr&ograve; v&ocirc; c&ugrave;ng quan trọng.</p>\r\n\r\n<p>&ldquo;B&aacute;c sĩ Watson&rdquo; Jude Law cuối c&ugrave;ng cũng hội ngộ c&ugrave;ng người bạn &ldquo;Sherlock Holmes&rdquo; Robert Downey Jr. tại MCU. Vai diễn cho tới nay vẫn chưa x&aacute;c định, d&ugrave; theo những tin đồn l&agrave; Mar-Vell sư phụ Captain Marvel. Tuy nhi&ecirc;n, với danh tiếng của Jude Law, chẳng mấy &nbsp;ngạc nhi&ecirc;n nếu c&aacute;c nh&agrave; l&agrave;m phim sẽ tung một c&uacute; twist để anh trở th&agrave;nh phản diện ch&iacute;nh. &nbsp;</p>\r\n\r\n<p><strong>Captain Marvel&nbsp;</strong>sở hữu d&agrave;n minh tinh h&ugrave;ng hậu nhưng ng&ocirc;i sao được mong chờ nhất lại chẳng phải con người. Ch&uacute; m&egrave;o Goose ngo&agrave;i h&agrave;nh tinh c&oacute; kỹ năng ph&oacute;ng x&uacute;c tu đầy b&aacute; đạo chỉ xuất hiện v&agrave;i gi&acirc;y đ&atilde; l&agrave;m cả thế giới ph&aacute;t cuồng. C&acirc;u hỏi c&aacute;c fan MCU thắc mắc nhất trước giờ phim chiếu ch&iacute;nh l&agrave; mắt chột của ng&agrave;i gi&aacute;m đốc S.H.I.E.L.D c&oacute; phải do &ldquo;ho&agrave;ng thượng&rdquo; g&acirc;y ra?</p>\r\n\r\n<p>Sau khi&nbsp;<em>phim hay</em>&nbsp;<em>Black Panther</em>&nbsp;đạt hơn 1,3 tỷ $ v&agrave; Avengers: Infinity War đem về doanh thu hơn 2 tỷ $, những kỳ vọng d&agrave;nh cho<strong>Captain Marvel&nbsp;</strong>c&agrave;ng trở n&ecirc;n nặng nề. Nhất l&agrave; giờ đ&acirc;y -&nbsp;<em>Aquaman&nbsp;</em>đ&atilde; gi&uacute;p đối thủ kh&ocirc;ng đội trời chung DCEU ph&aacute; mốc tỷ đ&ocirc;. Dẫu sao, với danh tiếng MCU hiện nay, chắc chắn bộ&nbsp;<em>phim mới</em>&nbsp;n&agrave;y sẽ ph&aacute; đảo doanh thu&nbsp;<em>rạp chiếu phim</em>&nbsp;to&agrave;n cầu th&aacute;ng 3 năm nay.</p>', 'mv5bztnhyzfiymqtywzhny00m2i0lwjiywqtmdi0mdk5otuwnjljxkeyxkfqcgdeqxvymjgyoti1ody--v1-sy1000-sx700-al-_1550219068089.jpg', 1, '2019-03-27 07:10:22', '2019-03-27 07:10:22'),
(4, 'Iron Man Tony Stark: Công Thần Sáng Lập MCU', '<p>Từ một nh&acirc;n vật hạng B chẳng mấy ai biết đến, Iron Man Tony Stark đ&atilde; trở th&agrave;nh si&ecirc;u anh h&ugrave;ng nổi danh h&agrave;ng đầu thế giới, c&oacute; phần lấn &aacute;t cả những Superman, Batman, Spider-Man trong thập kỷ vừa qua.</p>\r\n\r\n<p>Độ tuổi trung ni&ecirc;n, chiều cao vừa đủ, vẻ ngo&agrave;i lịch l&atilde;m c&ugrave;ng h&agrave;ng ria m&eacute;p nam t&iacute;nh&hellip; &nbsp;Anthony Edward &quot;Tony&quot; Stark l&agrave; con trai tỷ ph&uacute; c&ocirc;ng nghệ Howard Stark, t&agrave;i năng n&agrave;o k&eacute;m g&igrave; người cha vĩ đại. Tony c&oacute; tất cả từ tiền bạc đến danh vọng khi l&agrave; nh&agrave; cung cấp vũ kh&iacute; cho ch&iacute;nh phủ Mỹ. Cuộc đời tay chơi Stark c&oacute; lẽ cứ quay cuồng với những ph&aacute;t minh c&ugrave;ng c&aacute;c cuộc vui th&acirc;u đ&ecirc;m suốt s&aacute;ng nếu anh kh&ocirc;ng bất ngờ rơi v&agrave;o tay nh&oacute;m qu&acirc;n phiến loạn. Chịu cảnh giam cầm, thoi th&oacute;p v&igrave; mảnh đạn gặm trong tim, Tony mới nhận ra m&igrave;nh cần đổi kh&aacute;c. Được người bạn mới Yinsen gi&uacute;p sức, Tony Stark chế tạo ra bộ gi&aacute;p chiến đấu ở ho&agrave;n cảnh khốn khổ nhất. Anh ti&ecirc;u diệt đ&aacute;m phiến qu&acirc;n, trở th&agrave;nh Iron Man. C&aacute;i chết của Yinsen m&atilde;i m&atilde;i thay đổi cuộc đời Tony. Ng&agrave;i tỷ ph&uacute; chấm dứt ho&agrave;n to&agrave;n việc bu&ocirc;n b&aacute;n vũ kh&iacute;.&nbsp;</p>\r\n\r\n<p><img alt=\"\" src=\"/ckfinder/userfiles/images/mv5bmti5ody5ntuzmf5bml5banbnxkftztcwotazntizmw--v1-sy1000-cr0-0-1420-1000-al-_1553074176319.jpg\" style=\"height:423px; width:600px\" /></p>\r\n\r\n<p>Dĩ nhi&ecirc;n, kh&ocirc;ng thể kh&ocirc;ng nhắc đến mối t&igrave;nh với c&ocirc; n&agrave;ng Pepper Potts l&agrave; điểm tựa vững chắc cho Tony Stark. Người phụ nữ mạnh mẽ, th&ocirc;ng minh tuy chẳng sở hữu si&ecirc;u năng lực phi thường nhưng lu&ocirc;n l&agrave; hậu phương vững chắc v&agrave; nhiều lần gi&uacute;p Tony trong t&igrave;nh huống ng&agrave;n c&acirc;n treo sợi t&oacute;c.</p>\r\n\r\n<p>Giữa l&uacute;c c&aacute;c si&ecirc;u anh h&ugrave;ng kh&aacute;c như Peter Parker, Bruce Wayne hay Clark Kent phải khổ sở giấu đi danh t&iacute;nh, chịu hiểu lầm, bị mất người y&ecirc;u&hellip; Tony Stark đ&atilde; ki&ecirc;u ngạo ngẩng cao đầu, tự tin c&ocirc;ng bố cho to&agrave;n thế giới &ndash; &ldquo;T&ocirc;i l&agrave; Iron Man.&rdquo;</p>\r\n\r\n<p><strong>Avengers: Endgame</strong>&nbsp;l&agrave; bộ phim thứ mười Iron Man xuất hiện tại MCU. Từ kẻ bất cần đời, anh thay đổi dần &ldquo;người&rdquo; hơn, nh&acirc;n văn hơn. Đ&ocirc;i mắt nh&agrave; tỷ ph&uacute; bớt đi sự ng&ocirc;ng cuồng, th&ecirc;m nhiều trầm tĩnh. Sự xuất hiện của những kẻ ngo&agrave;i h&agrave;nh tinh như Thor, cơn &aacute;c mộng về c&aacute;i chết thảm khốc m&agrave;&nbsp;<em>biệt đội Avengers&nbsp;</em>phải đối mặt đ&atilde; d&agrave;y v&ograve; Tony, khiến anh ng&agrave;y c&agrave;ng cẩn trọng v&agrave; chế tạo ra th&ecirc;m nhiều thứ vũ kh&iacute; si&ecirc;u việt hơn. Đỉnh cao th&agrave;nh tựu l&agrave; bộ gi&aacute;p nano trong Avengers: Infinity War, khiến hết thảy kh&aacute;n giả đều phải trầm trồ kinh ngạc v&agrave; ngay cả t&ecirc;n Titan Thanos cũng phải đổ một giọt m&aacute;u.</p>\r\n\r\n<p>C&aacute; t&iacute;nh độc lập v&agrave; ki&ecirc;u ngạo khiến Tony Stark c&oacute; vẻ xa c&aacute;ch mọi người. Tuy nhi&ecirc;n, tr&ecirc;n thực tế anh l&agrave; kẻ bỏ ra rất nhiều t&igrave;nh cảm. Chẳng l&atilde;nh đạo tinh thần như Captain America nhưng anh lại l&agrave; nh&agrave; t&agrave;i trợ nhiệt t&igrave;nh. Trụ sở Avengers với c&ocirc;ng nghệ tối t&acirc;n c&ugrave;ng kho vũ kh&iacute; hiện đại nhất lu&ocirc;n được Tony chuẩn bị cho&nbsp;<em>biệt đội si&ecirc;u anh h&ugrave;ng</em>. Nh&agrave; tỷ ph&uacute; ngăn cản Người Nhện &ldquo;h&agrave;nh hiệp&rdquo; chỉ v&igrave; cậu c&ograve;n qu&aacute; nhỏ. Tuy nhi&ecirc;n, ở&nbsp;<em>Avengers: Infinity War</em>, trước Peter Parker trẻ tuổi đầy nhiệt huyết, Tony bằng l&ograve;ng c&ocirc;ng nhận cậu nh&oacute;c l&agrave; th&agrave;nh vi&ecirc;n Avengers.</p>\r\n\r\n<p><img alt=\"\" src=\"/ckfinder/userfiles/images/mv5bmjnhngrinmqtnzi5ny00mzu0ltgxyjgtzjixntyxmzkzode0xkeyxkfqcgdeqxvyotazndaxoti--v1-sx1777-cr0-0-1777-999-al-_1553074217628.jpg\" style=\"height:337px; width:600px\" /></p>\r\n\r\n<p>Th&ocirc;ng minh, c&aacute; t&iacute;nh, sẵn s&agrave;ng hy sinh t&iacute;nh mạng để bảo vệ tr&aacute;i đất&hellip; Tony Stark lu&ocirc;n l&agrave; si&ecirc;u anh h&ugrave;ng được h&acirc;m mộ nhất MCU. Chẳng c&oacute; g&igrave; kh&oacute; hiểu khi d&ugrave; l&agrave;m tất cả chỉ để bảo vệ cậu bạn th&acirc;n thiết Bucky, Captain America vẫn trở th&agrave;nh &ldquo;tội đồ&rdquo; trong mắt nhiều fan MCU v&igrave; để xảy ra Civil War với Người Sắt.</p>\r\n\r\n<p>Kết th&uacute;c<em>&nbsp;Cuộc Chiến V&ocirc; Cực&nbsp;</em>đau thương, Iron Man bất lực chứng kiến những người bạn chiến đấu tan biến th&agrave;nh tro bụi. Bản th&acirc;n anh cũng bị kẹt ở h&agrave;nh tinh Titan c&ugrave;ng c&ocirc; n&agrave;ng nửa người nửa m&aacute;y Nebula. Khi trailer đầu ti&ecirc;n<strong>&nbsp;Avengers: Endgame&nbsp;</strong>được tung ra, chứng kiến cảnh Tony thoi th&oacute;p chờ chết, h&agrave;ng loạt người h&acirc;m mộ đ&atilde; tweet cho Cơ quan h&agrave;ng kh&ocirc;ng v&agrave; vũ trụ Hoa Kỳ NASA để y&ecirc;u cầu họ cứu Iron Man. C&oacute; lẽ, trước sự lo lắng qu&aacute; lớn của người h&acirc;m mộ về Người Sắt, Marvel đ&atilde; chiều l&ograve;ng kh&aacute;n giả bằng trailer 2 với sự xuất hiện của Tony tại Tr&aacute;i Đất. &ldquo;Thi&ecirc;n t&agrave;i, tỷ ph&uacute;, tay chơi v&agrave; nh&agrave; từ thiện&rdquo; Tony Stark sẽ l&agrave;m g&igrave; để cứu vũ trụ khỏi t&igrave;nh thế thảm thương hiện tại, để sự đ&aacute;nh đổi Doctor Strange d&agrave;nh cho anh kh&ocirc;ng l&agrave; v&ocirc; nghĩa? Th&ecirc;m nữa, anh c&ugrave;ng Steve Rogers đối mặt thế n&agrave;o sau cuộc nội chiến tổn thương cả hai? &nbsp;</p>\r\n\r\n<p>L&agrave; truyền kỳ tr&ecirc;n m&agrave;n ảnh, c&acirc;u chuyện về Iron Man cũng l&agrave; huyền thoại ngo&agrave;i đời.</p>\r\n\r\n<p>Vai diễn Iron Man đ&atilde; gi&uacute;p&nbsp;<strong>Robert Downey Jr.&nbsp;</strong>vực dậy sự nghiệp đang ở b&ecirc;n bờ vực thẳm, đưa anh lần nữa l&ecirc;n đến đỉnh cao nghề nghiệp. Iron Man gi&uacute;p Marvel từ một studio sắp ph&aacute; sản đứng dậy th&agrave;nh c&ocirc;ng, đặt nền m&oacute;ng vững chắc cho đế chế Marvel h&ugrave;ng mạnh ng&agrave;y nay. Dĩ nhi&ecirc;n, Marvel đền đ&aacute;p &ldquo;đại c&ocirc;ng thần&rdquo; hết sức xứng đ&aacute;ng bằng khoản lương cứng h&agrave;ng chục triệu $ cộng th&ecirc;m phần trăm doanh thu phim.</p>\r\n\r\n<p>Số phận Tony sau&nbsp;<strong>Avengers: Hồi Kết&nbsp;</strong>vẫn l&agrave; dấu chấm hỏi n&ecirc;n việc anh c&oacute; xuất hiện ở&nbsp;<em>Spider-Man: Far From Home&nbsp;</em>hay kh&ocirc;ng vẫn đang l&agrave; điều b&iacute; ẩn.</p>\r\n\r\n<p>Ngo&agrave;i ra, sức ảnh hưởng khổng lồ Iron Man tạo ra hiện nay phải kể đến c&ocirc;ng lao của ng&agrave;i gi&aacute;m đốc điều h&agrave;nh Marvel - Kevin Feige. Giữa l&uacute;c cả thế giới vẫn đang mải m&ecirc; sản xuất phim chuỗi, vị l&atilde;nh đạo t&agrave;i ba n&agrave;y đ&atilde; c&oacute; những &yacute; nghĩ &ldquo;Cao hơn. Nhanh hơn. Xa hơn&rdquo; khi x&acirc;y dựng ra một vũ trụ điện ảnh. Bắt đầu từ&nbsp;<em>Iron Man</em>, Marvel đ&atilde; x&acirc;y dựng n&ecirc;n MCU đi trước c&aacute;c đối thủ khoảng c&aacute;ch xa vời vợi.</p>\r\n\r\n<p>V&agrave; chắc chắn rằng, d&ugrave; sau n&agrave;y đế chế MCU c&oacute; đạt tới tầm cao n&agrave;o, Iron Man Tony Stark vẫn lu&ocirc;n l&agrave; c&ocirc;ng thần vĩ đại nhất trong tim người h&acirc;m mộ vũ trụ điện ảnh Marvel.&nbsp;</p>', '2-1499057920127_1553073553160.jpg', 0, '2019-03-27 07:15:06', '2019-03-27 07:15:06');

-- --------------------------------------------------------

--
-- Cấu trúc bảng cho bảng `users`
--

CREATE TABLE `users` (
  `id` bigint(20) UNSIGNED NOT NULL,
  `name` varchar(191) CHARACTER SET utf8 COLLATE utf8_unicode_ci NOT NULL,
  `email` varchar(191) CHARACTER SET utf8 COLLATE utf8_unicode_ci NOT NULL,
  `email_verified_at` timestamp NULL DEFAULT NULL,
  `password` varchar(191) CHARACTER SET utf8 COLLATE utf8_unicode_ci NOT NULL,
  `level` int(11) DEFAULT NULL,
  `remember_token` varchar(100) CHARACTER SET utf8 COLLATE utf8_unicode_ci DEFAULT NULL,
  `created_at` timestamp NULL DEFAULT NULL,
  `updated_at` timestamp NULL DEFAULT NULL
) ENGINE=InnoDB DEFAULT CHARSET=utf8mb4 COLLATE=utf8mb4_unicode_ci;

--
-- Đang đổ dữ liệu cho bảng `users`
--

INSERT INTO `users` (`id`, `name`, `email`, `email_verified_at`, `password`, `level`, `remember_token`, `created_at`, `updated_at`) VALUES
(1, 'admin', 'minhtien98qv@gmail.com', NULL, '$2y$12$AKurFKsaxvyFGaBifr4.AOj0OEtiwE2ScriN.j5NgX/p1IMKzxkie', 1, NULL, NULL, NULL),
(2, 'minhtien', 'abc@gmail.com', NULL, '$2y$10$BFxObq2FVD3AWAhEwkukCefNFAligqmmMLKFgXFXZ9b090AYO131W', 0, NULL, '2019-03-25 07:54:59', '2019-03-25 07:54:59'),
(7, 'admin123', 'abcdef@gmail.com', NULL, '$2y$10$puuRKXGi4DMexe0T4f59r.4CiFYPSvhj73T5cN9M..MIdLdIj6Rmq', 0, NULL, '2019-04-08 00:48:00', '2019-04-08 00:48:00'),
(8, 'NguyenHoaiNam', 'nam@gmail.com', NULL, '$2y$10$Hj5c09L1/5xUzZwdVHifqOGLfX5KrwQAuT4rr5Hz9tsfewC5bm98q', NULL, NULL, '2019-05-08 20:10:05', '2019-05-08 20:10:05');

-- --------------------------------------------------------

--
-- Cấu trúc bảng cho bảng `ve`
--

CREATE TABLE `ve` (
  `id` bigint(20) UNSIGNED NOT NULL,
  `id_lichchieu` bigint(20) UNSIGNED NOT NULL,
  `id_ghe` bigint(20) UNSIGNED NOT NULL,
  `id_user` bigint(20) UNSIGNED DEFAULT NULL
) ENGINE=InnoDB DEFAULT CHARSET=utf8 COLLATE=utf8_unicode_ci;

--
-- Đang đổ dữ liệu cho bảng `ve`
--

INSERT INTO `ve` (`id`, `id_lichchieu`, `id_ghe`, `id_user`) VALUES
(1, 1, 1, NULL),
(2, 1, 2, NULL),
(3, 1, 3, NULL),
(4, 1, 4, 2),
(5, 1, 5, NULL),
(6, 1, 6, NULL),
(7, 1, 7, NULL),
(8, 1, 8, NULL),
(9, 1, 9, NULL),
(10, 1, 10, NULL),
(11, 1, 11, NULL),
(12, 1, 12, NULL),
(13, 1, 13, NULL),
(14, 1, 14, NULL),
(15, 1, 15, NULL),
(16, 1, 16, NULL),
(17, 1, 17, NULL),
(18, 1, 18, NULL),
(19, 1, 19, NULL),
(20, 1, 20, NULL),
(21, 1, 21, 2),
(22, 1, 22, NULL),
(23, 1, 23, NULL),
(24, 1, 24, NULL),
(25, 1, 25, 1),
(26, 1, 26, NULL),
(27, 1, 27, NULL),
(28, 1, 28, NULL),
(29, 1, 29, 1),
(30, 1, 30, NULL),
(31, 1, 31, NULL),
(32, 1, 32, NULL),
(33, 1, 33, NULL),
(34, 1, 34, NULL),
(35, 1, 35, NULL),
(36, 1, 36, NULL),
(37, 1, 37, NULL),
(38, 1, 38, NULL),
(39, 1, 39, NULL),
(40, 1, 40, NULL),
(41, 1, 41, NULL),
(42, 1, 42, NULL),
(43, 1, 43, NULL),
(44, 1, 44, NULL),
(45, 1, 45, NULL),
(46, 1, 46, NULL),
(47, 1, 47, NULL),
(48, 1, 48, NULL),
(49, 1, 49, NULL),
(50, 1, 50, 1),
(51, 1, 51, NULL),
(52, 1, 52, NULL),
(53, 1, 53, NULL),
(54, 1, 54, NULL),
(55, 1, 55, NULL),
(56, 1, 56, 1),
(57, 1, 57, NULL),
(58, 1, 58, NULL),
(59, 1, 59, 1),
(60, 1, 60, 1),
(65, 8, 1, NULL),
(66, 8, 2, NULL),
(67, 8, 3, NULL),
(68, 8, 4, NULL),
(69, 8, 5, NULL),
(70, 8, 6, NULL),
(71, 8, 7, NULL),
(72, 8, 8, NULL),
(73, 8, 9, NULL),
(74, 8, 10, NULL),
(75, 8, 11, NULL),
(76, 8, 12, NULL),
(77, 8, 13, NULL),
(78, 8, 14, NULL),
(79, 8, 15, NULL),
(80, 8, 16, NULL),
(81, 8, 17, NULL),
(82, 8, 18, NULL),
(83, 8, 19, NULL),
(84, 8, 20, NULL),
(85, 8, 21, NULL),
(86, 8, 22, NULL),
(87, 8, 23, NULL),
(88, 8, 24, NULL),
(89, 8, 25, NULL),
(90, 8, 26, NULL),
(91, 8, 27, NULL),
(92, 8, 28, NULL),
(93, 8, 29, NULL),
(94, 8, 30, NULL),
(95, 8, 31, NULL),
(96, 8, 32, NULL),
(97, 8, 33, NULL),
(98, 8, 34, NULL),
(99, 8, 35, NULL),
(100, 8, 36, NULL),
(101, 8, 37, NULL),
(102, 8, 38, NULL),
(103, 8, 39, NULL),
(104, 8, 40, NULL),
(105, 8, 41, NULL),
(106, 8, 42, NULL),
(107, 8, 43, NULL),
(108, 8, 44, NULL),
(109, 8, 45, NULL),
(110, 8, 46, NULL),
(111, 8, 47, NULL),
(112, 8, 48, NULL),
(113, 8, 49, NULL),
(114, 8, 50, NULL),
(115, 8, 51, NULL),
(116, 8, 52, NULL),
(117, 8, 53, NULL),
(118, 8, 54, NULL),
(119, 8, 55, NULL),
(120, 8, 56, NULL),
(121, 8, 57, NULL),
(122, 8, 58, NULL),
(123, 8, 59, NULL),
(124, 8, 60, NULL),
(125, 9, 1, NULL),
(126, 9, 2, NULL),
(127, 9, 3, NULL),
(128, 9, 4, NULL),
(129, 9, 5, NULL),
(130, 9, 6, NULL),
(131, 9, 7, NULL),
(132, 9, 8, NULL),
(133, 9, 9, NULL),
(134, 9, 10, NULL),
(135, 9, 11, NULL),
(136, 9, 12, NULL),
(137, 9, 13, NULL),
(138, 9, 14, NULL),
(139, 9, 15, NULL),
(140, 9, 16, NULL),
(141, 9, 17, NULL),
(142, 9, 18, NULL),
(143, 9, 19, NULL),
(144, 9, 20, NULL),
(145, 9, 21, NULL),
(146, 9, 22, NULL),
(147, 9, 23, NULL),
(148, 9, 24, NULL),
(149, 9, 25, NULL),
(150, 9, 26, NULL),
(151, 9, 27, NULL),
(152, 9, 28, NULL),
(153, 9, 29, NULL),
(154, 9, 30, NULL),
(155, 9, 31, NULL),
(156, 9, 32, NULL),
(157, 9, 33, NULL),
(158, 9, 34, NULL),
(159, 9, 35, NULL),
(160, 9, 36, NULL),
(161, 9, 37, NULL),
(162, 9, 38, NULL),
(163, 9, 39, NULL),
(164, 9, 40, NULL),
(165, 9, 41, NULL),
(166, 9, 42, NULL),
(167, 9, 43, NULL),
(168, 9, 44, NULL),
(169, 9, 45, NULL),
(170, 9, 46, NULL),
(171, 9, 47, NULL),
(172, 9, 48, NULL),
(173, 9, 49, NULL),
(174, 9, 50, NULL),
(175, 9, 51, NULL),
(176, 9, 52, NULL),
(177, 9, 53, NULL),
(178, 9, 54, NULL),
(179, 9, 55, NULL),
(180, 9, 56, NULL),
(181, 9, 57, NULL),
(182, 9, 58, NULL),
(183, 9, 59, NULL),
(184, 9, 60, NULL),
(185, 10, 1, NULL),
(186, 10, 2, NULL),
(187, 10, 3, NULL),
(188, 10, 4, NULL),
(189, 10, 5, NULL),
(190, 10, 6, NULL),
(191, 10, 7, NULL),
(192, 10, 8, NULL),
(193, 10, 9, NULL),
(194, 10, 10, NULL),
(195, 10, 11, NULL),
(196, 10, 12, NULL),
(197, 10, 13, NULL),
(198, 10, 14, NULL),
(199, 10, 15, NULL),
(200, 10, 16, NULL),
(201, 10, 17, NULL),
(202, 10, 18, NULL),
(203, 10, 19, NULL),
(204, 10, 20, NULL),
(205, 10, 21, NULL),
(206, 10, 22, NULL),
(207, 10, 23, NULL),
(208, 10, 24, NULL),
(209, 10, 25, NULL),
(210, 10, 26, NULL),
(211, 10, 27, NULL),
(212, 10, 28, NULL),
(213, 10, 29, NULL),
(214, 10, 30, NULL),
(215, 10, 31, NULL),
(216, 10, 32, NULL),
(217, 10, 33, NULL),
(218, 10, 34, NULL),
(219, 10, 35, NULL),
(220, 10, 36, NULL),
(221, 10, 37, NULL),
(222, 10, 38, NULL),
(223, 10, 39, NULL),
(224, 10, 40, NULL),
(225, 10, 41, NULL),
(226, 10, 42, NULL),
(227, 10, 43, NULL),
(228, 10, 44, NULL),
(229, 10, 45, NULL),
(230, 10, 46, NULL),
(231, 10, 47, NULL),
(232, 10, 48, NULL),
(233, 10, 49, NULL),
(234, 10, 50, NULL),
(235, 10, 51, NULL),
(236, 10, 52, NULL),
(237, 10, 53, NULL),
(238, 10, 54, NULL),
(239, 10, 55, NULL),
(240, 10, 56, NULL),
(241, 10, 57, NULL),
(242, 10, 58, NULL),
(243, 10, 59, NULL),
(244, 10, 60, NULL),
(245, 11, 1, NULL),
(246, 11, 2, NULL),
(247, 11, 3, NULL),
(248, 11, 4, NULL),
(249, 11, 5, NULL),
(250, 11, 6, NULL),
(251, 11, 7, NULL),
(252, 11, 8, NULL),
(253, 11, 9, NULL),
(254, 11, 10, NULL),
(255, 11, 11, NULL),
(256, 11, 12, NULL),
(257, 11, 13, NULL),
(258, 11, 14, NULL),
(259, 11, 15, NULL),
(260, 11, 16, NULL),
(261, 11, 17, NULL),
(262, 11, 18, NULL),
(263, 11, 19, NULL),
(264, 11, 20, NULL),
(265, 11, 21, NULL),
(266, 11, 22, NULL),
(267, 11, 23, NULL),
(268, 11, 24, NULL),
(269, 11, 25, NULL),
(270, 11, 26, NULL),
(271, 11, 27, NULL),
(272, 11, 28, NULL),
(273, 11, 29, NULL),
(274, 11, 30, NULL),
(275, 11, 31, NULL),
(276, 11, 32, NULL),
(277, 11, 33, NULL),
(278, 11, 34, NULL),
(279, 11, 35, NULL),
(280, 11, 36, NULL),
(281, 11, 37, NULL),
(282, 11, 38, NULL),
(283, 11, 39, NULL),
(284, 11, 40, NULL),
(285, 11, 41, NULL),
(286, 11, 42, NULL),
(287, 11, 43, NULL),
(288, 11, 44, NULL),
(289, 11, 45, NULL),
(290, 11, 46, NULL),
(291, 11, 47, NULL),
(292, 11, 48, NULL),
(293, 11, 49, NULL),
(294, 11, 50, NULL),
(295, 11, 51, NULL),
(296, 11, 52, NULL),
(297, 11, 53, NULL),
(298, 11, 54, NULL),
(299, 11, 55, NULL),
(300, 11, 56, NULL),
(301, 11, 57, NULL),
(302, 11, 58, NULL),
(303, 11, 59, NULL),
(304, 11, 60, NULL),
(305, 12, 1, NULL),
(306, 12, 2, NULL),
(307, 12, 3, NULL),
(308, 12, 4, NULL),
(309, 12, 5, NULL),
(310, 12, 6, NULL),
(311, 12, 7, NULL),
(312, 12, 8, NULL),
(313, 12, 9, NULL),
(314, 12, 10, NULL),
(315, 12, 11, NULL),
(316, 12, 12, NULL),
(317, 12, 13, NULL),
(318, 12, 14, NULL),
(319, 12, 15, NULL),
(320, 12, 16, NULL),
(321, 12, 17, NULL),
(322, 12, 18, NULL),
(323, 12, 19, NULL),
(324, 12, 20, NULL),
(325, 12, 21, NULL),
(326, 12, 22, NULL),
(327, 12, 23, NULL),
(328, 12, 24, NULL),
(329, 12, 25, NULL),
(330, 12, 26, NULL),
(331, 12, 27, NULL),
(332, 12, 28, NULL),
(333, 12, 29, NULL),
(334, 12, 30, NULL),
(335, 12, 31, NULL),
(336, 12, 32, NULL),
(337, 12, 33, NULL),
(338, 12, 34, NULL),
(339, 12, 35, NULL),
(340, 12, 36, NULL),
(341, 12, 37, NULL),
(342, 12, 38, NULL),
(343, 12, 39, NULL),
(344, 12, 40, NULL),
(345, 12, 41, NULL),
(346, 12, 42, NULL),
(347, 12, 43, NULL),
(348, 12, 44, NULL),
(349, 12, 45, NULL),
(350, 12, 46, NULL),
(351, 12, 47, NULL),
(352, 12, 48, NULL),
(353, 12, 49, NULL),
(354, 12, 50, NULL),
(355, 12, 51, NULL),
(356, 12, 52, NULL),
(357, 12, 53, NULL),
(358, 12, 54, NULL),
(359, 12, 55, NULL),
(360, 12, 56, NULL),
(361, 12, 57, NULL),
(362, 12, 58, NULL),
(363, 12, 59, NULL),
(364, 12, 60, NULL),
(365, 13, 1, NULL),
(366, 13, 2, NULL),
(367, 13, 3, NULL),
(368, 13, 4, NULL),
(369, 13, 5, NULL),
(370, 13, 6, NULL),
(371, 13, 7, NULL),
(372, 13, 8, NULL),
(373, 13, 9, NULL),
(374, 13, 10, NULL),
(375, 13, 11, NULL),
(376, 13, 12, NULL),
(377, 13, 13, NULL),
(378, 13, 14, NULL),
(379, 13, 15, NULL),
(380, 13, 16, NULL),
(381, 13, 17, NULL),
(382, 13, 18, NULL),
(383, 13, 19, NULL),
(384, 13, 20, NULL),
(385, 13, 21, NULL),
(386, 13, 22, NULL),
(387, 13, 23, NULL),
(388, 13, 24, NULL),
(389, 13, 25, NULL),
(390, 13, 26, NULL),
(391, 13, 27, NULL),
(392, 13, 28, NULL),
(393, 13, 29, NULL),
(394, 13, 30, NULL),
(395, 13, 31, NULL),
(396, 13, 32, NULL),
(397, 13, 33, NULL),
(398, 13, 34, NULL),
(399, 13, 35, NULL),
(400, 13, 36, NULL),
(401, 13, 37, NULL),
(402, 13, 38, NULL),
(403, 13, 39, NULL),
(404, 13, 40, NULL),
(405, 13, 41, NULL),
(406, 13, 42, NULL),
(407, 13, 43, NULL),
(408, 13, 44, NULL),
(409, 13, 45, NULL),
(410, 13, 46, NULL),
(411, 13, 47, NULL),
(412, 13, 48, NULL),
(413, 13, 49, NULL),
(414, 13, 50, NULL),
(415, 13, 51, NULL),
(416, 13, 52, NULL),
(417, 13, 53, NULL),
(418, 13, 54, NULL),
(419, 13, 55, NULL),
(420, 13, 56, NULL),
(421, 13, 57, NULL),
(422, 13, 58, NULL),
(423, 13, 59, NULL),
(424, 13, 60, NULL),
(425, 14, 290, NULL),
(426, 14, 291, NULL),
(427, 14, 292, NULL),
(428, 14, 293, NULL),
(429, 14, 294, NULL),
(430, 14, 295, NULL),
(431, 14, 296, NULL),
(432, 14, 297, NULL),
(433, 14, 298, NULL),
(434, 14, 299, NULL),
(435, 14, 300, NULL),
(436, 14, 301, NULL),
(437, 14, 302, NULL),
(438, 14, 303, NULL),
(439, 14, 304, NULL),
(440, 14, 305, NULL),
(441, 14, 306, NULL),
(442, 14, 307, NULL),
(443, 14, 308, NULL),
(444, 14, 309, NULL),
(445, 14, 310, NULL),
(446, 14, 311, NULL),
(447, 14, 312, NULL),
(448, 14, 313, NULL),
(449, 14, 314, NULL),
(450, 14, 315, NULL),
(451, 14, 316, NULL),
(452, 14, 317, NULL),
(453, 14, 318, NULL),
(454, 14, 319, NULL),
(455, 14, 320, NULL),
(456, 14, 321, NULL),
(457, 14, 322, NULL),
(458, 14, 323, NULL),
(459, 14, 324, NULL),
(460, 14, 325, NULL),
(461, 14, 326, NULL),
(462, 14, 327, NULL),
(463, 14, 328, NULL),
(464, 14, 329, NULL),
(465, 14, 330, NULL),
(466, 14, 331, NULL),
(467, 14, 332, NULL),
(468, 14, 333, NULL),
(469, 14, 334, NULL),
(470, 14, 335, NULL),
(471, 14, 336, NULL),
(472, 14, 337, NULL),
(473, 14, 338, NULL),
(474, 14, 339, NULL),
(475, 14, 340, NULL),
(476, 14, 341, NULL),
(477, 14, 342, NULL),
(478, 14, 343, NULL),
(479, 14, 344, NULL),
(480, 14, 345, NULL),
(481, 14, 346, NULL),
(482, 14, 347, NULL),
(483, 14, 348, NULL),
(484, 14, 349, NULL),
(485, 14, 350, NULL),
(486, 14, 351, NULL),
(487, 14, 352, NULL),
(488, 14, 353, NULL),
(489, 14, 354, NULL),
(490, 14, 355, NULL),
(491, 15, 290, NULL),
(492, 15, 291, NULL),
(493, 15, 292, NULL),
(494, 15, 293, NULL),
(495, 15, 294, NULL),
(496, 15, 295, NULL),
(497, 15, 296, NULL),
(498, 15, 297, NULL),
(499, 15, 298, NULL),
(500, 15, 299, NULL),
(501, 15, 300, NULL),
(502, 15, 301, NULL),
(503, 15, 302, NULL),
(504, 15, 303, NULL),
(505, 15, 304, NULL),
(506, 15, 305, NULL),
(507, 15, 306, NULL),
(508, 15, 307, NULL),
(509, 15, 308, NULL),
(510, 15, 309, NULL),
(511, 15, 310, NULL),
(512, 15, 311, NULL),
(513, 15, 312, NULL),
(514, 15, 313, NULL),
(515, 15, 314, NULL),
(516, 15, 315, NULL),
(517, 15, 316, NULL),
(518, 15, 317, NULL),
(519, 15, 318, NULL),
(520, 15, 319, NULL),
(521, 15, 320, NULL),
(522, 15, 321, NULL),
(523, 15, 322, NULL),
(524, 15, 323, NULL),
(525, 15, 324, NULL),
(526, 15, 325, NULL),
(527, 15, 326, NULL),
(528, 15, 327, NULL),
(529, 15, 328, NULL),
(530, 15, 329, NULL),
(531, 15, 330, NULL),
(532, 15, 331, NULL),
(533, 15, 332, NULL),
(534, 15, 333, NULL),
(535, 15, 334, NULL),
(536, 15, 335, NULL),
(537, 15, 336, NULL),
(538, 15, 337, NULL),
(539, 15, 338, NULL),
(540, 15, 339, NULL),
(541, 15, 340, NULL),
(542, 15, 341, NULL),
(543, 15, 342, NULL),
(544, 15, 343, NULL),
(545, 15, 344, NULL),
(546, 15, 345, NULL),
(547, 15, 346, NULL),
(548, 15, 347, NULL),
(549, 15, 348, NULL),
(550, 15, 349, NULL),
(551, 15, 350, NULL),
(552, 15, 351, NULL),
(553, 15, 352, NULL),
(554, 15, 353, NULL),
(555, 15, 354, NULL),
(556, 15, 355, NULL),
(557, 16, 433, NULL),
(558, 16, 434, NULL),
(559, 16, 435, NULL),
(560, 16, 436, NULL),
(561, 16, 437, NULL),
(562, 16, 438, NULL),
(563, 16, 439, NULL),
(564, 16, 440, NULL),
(565, 16, 441, NULL),
(566, 16, 442, NULL),
(567, 16, 443, NULL),
(568, 16, 444, NULL),
(569, 16, 445, NULL),
(570, 16, 446, NULL),
(571, 16, 447, NULL),
(572, 16, 448, NULL),
(573, 16, 449, NULL),
(574, 16, 450, NULL),
(575, 16, 451, NULL),
(576, 16, 452, NULL),
(577, 16, 453, NULL),
(578, 16, 454, NULL),
(579, 16, 455, NULL),
(580, 16, 456, NULL),
(581, 16, 457, NULL),
(582, 16, 458, NULL),
(583, 16, 459, NULL),
(584, 16, 460, NULL),
(585, 16, 461, NULL),
(586, 16, 462, NULL),
(587, 16, 463, NULL),
(588, 16, 464, NULL),
(589, 16, 465, NULL),
(590, 16, 466, NULL),
(591, 16, 467, NULL),
(592, 16, 468, NULL),
(593, 16, 469, NULL),
(594, 16, 470, NULL),
(595, 16, 471, NULL),
(596, 16, 472, NULL),
(597, 16, 473, NULL),
(598, 16, 474, NULL),
(599, 16, 475, NULL),
(600, 16, 476, NULL),
(601, 16, 477, NULL),
(602, 16, 478, NULL),
(603, 16, 479, NULL),
(604, 16, 480, NULL),
(605, 16, 481, NULL),
(606, 16, 482, NULL),
(607, 16, 483, NULL),
(608, 16, 484, NULL),
(609, 16, 485, NULL),
(610, 16, 486, NULL),
(611, 16, 487, NULL),
(612, 16, 488, NULL),
(613, 16, 489, NULL),
(614, 16, 490, NULL),
(615, 16, 491, NULL),
(616, 16, 492, NULL),
(617, 16, 493, NULL),
(618, 16, 494, NULL),
(619, 16, 495, NULL),
(620, 16, 496, NULL),
(621, 16, 497, NULL),
(622, 16, 498, NULL),
(623, 16, 499, NULL),
(624, 16, 500, NULL),
(625, 16, 501, NULL),
(626, 16, 502, NULL),
(627, 16, 503, NULL),
(628, 16, 504, NULL),
(629, 16, 505, NULL),
(630, 16, 506, NULL),
(631, 16, 507, NULL),
(632, 16, 508, NULL),
(633, 16, 509, NULL),
(634, 16, 510, NULL),
(635, 16, 511, NULL),
(636, 16, 512, NULL),
(637, 16, 513, NULL),
(638, 16, 514, NULL),
(639, 16, 515, NULL),
(640, 16, 516, NULL),
(641, 16, 517, NULL),
(642, 16, 518, NULL),
(643, 16, 519, NULL),
(644, 16, 520, NULL),
(645, 17, 1, NULL),
(646, 17, 2, NULL),
(647, 17, 3, NULL),
(648, 17, 4, NULL),
(649, 17, 5, NULL),
(650, 17, 6, NULL),
(651, 17, 7, NULL),
(652, 17, 8, NULL),
(653, 17, 9, NULL),
(654, 17, 10, NULL),
(655, 17, 11, NULL),
(656, 17, 12, NULL),
(657, 17, 13, NULL),
(658, 17, 14, NULL),
(659, 17, 15, NULL),
(660, 17, 16, NULL),
(661, 17, 17, NULL),
(662, 17, 18, NULL),
(663, 17, 19, NULL),
(664, 17, 20, NULL),
(665, 17, 21, NULL),
(666, 17, 22, NULL),
(667, 17, 23, NULL),
(668, 17, 24, NULL),
(669, 17, 25, NULL),
(670, 17, 26, NULL),
(671, 17, 27, NULL),
(672, 17, 28, NULL),
(673, 17, 29, NULL),
(674, 17, 30, NULL),
(675, 17, 31, NULL),
(676, 17, 32, NULL),
(677, 17, 33, NULL),
(678, 17, 34, NULL),
(679, 17, 35, NULL),
(680, 17, 36, NULL),
(681, 17, 37, NULL),
(682, 17, 38, NULL),
(683, 17, 39, NULL),
(684, 17, 40, NULL),
(685, 17, 41, NULL),
(686, 17, 42, NULL),
(687, 17, 43, NULL),
(688, 17, 44, NULL),
(689, 17, 45, NULL),
(690, 17, 46, NULL),
(691, 17, 47, NULL),
(692, 17, 48, NULL),
(693, 17, 49, NULL),
(694, 17, 50, NULL),
(695, 17, 51, NULL),
(696, 17, 52, NULL),
(697, 17, 53, NULL),
(698, 17, 54, NULL),
(699, 17, 55, NULL),
(700, 17, 56, NULL),
(701, 17, 57, NULL),
(702, 17, 58, NULL),
(703, 17, 59, NULL),
(704, 17, 60, NULL),
(705, 18, 61, NULL),
(706, 18, 62, NULL),
(707, 18, 63, NULL),
(708, 18, 64, NULL),
(709, 18, 65, NULL),
(710, 18, 66, NULL),
(711, 18, 67, NULL),
(712, 18, 68, NULL),
(713, 18, 69, NULL),
(714, 18, 70, NULL),
(715, 18, 71, NULL),
(716, 18, 72, NULL),
(717, 18, 73, NULL),
(718, 18, 74, NULL),
(719, 18, 75, NULL),
(720, 18, 76, NULL),
(721, 18, 77, NULL),
(722, 18, 78, NULL),
(723, 18, 79, NULL),
(724, 18, 80, NULL),
(725, 18, 81, NULL),
(726, 18, 82, NULL),
(727, 18, 83, NULL),
(728, 18, 84, NULL),
(729, 18, 85, NULL),
(730, 18, 86, NULL),
(731, 18, 87, NULL),
(732, 18, 88, NULL),
(733, 18, 89, NULL),
(734, 18, 90, NULL),
(735, 18, 91, NULL),
(736, 18, 92, NULL),
(737, 18, 93, NULL),
(738, 18, 94, NULL),
(739, 18, 95, NULL),
(740, 18, 96, NULL),
(741, 18, 97, NULL),
(742, 18, 98, NULL),
(743, 18, 99, NULL),
(744, 18, 100, NULL),
(745, 18, 101, NULL),
(746, 18, 102, NULL),
(747, 18, 103, NULL),
(748, 18, 104, NULL),
(749, 18, 105, NULL),
(750, 18, 106, NULL),
(751, 18, 107, NULL),
(752, 18, 108, NULL),
(753, 18, 109, NULL),
(754, 18, 110, NULL),
(755, 18, 111, NULL),
(756, 18, 112, NULL),
(757, 18, 113, NULL),
(758, 18, 114, NULL),
(759, 18, 115, NULL),
(760, 18, 116, NULL),
(761, 18, 117, NULL),
(762, 18, 118, NULL),
(763, 18, 119, NULL),
(764, 18, 120, NULL),
(765, 18, 121, NULL),
(766, 18, 122, NULL),
(767, 18, 123, NULL),
(768, 18, 124, NULL),
(769, 18, 125, NULL),
(770, 18, 126, NULL),
(771, 18, 127, NULL),
(772, 18, 128, NULL),
(773, 18, 129, NULL),
(774, 18, 130, NULL),
(775, 18, 131, NULL),
(776, 18, 132, NULL),
(777, 18, 133, NULL),
(778, 18, 134, NULL),
(779, 18, 135, NULL),
(780, 18, 136, NULL),
(781, 18, 137, NULL),
(782, 18, 138, NULL),
(783, 18, 139, NULL),
(784, 18, 140, NULL),
(785, 18, 141, NULL),
(786, 18, 142, NULL),
(787, 18, 143, NULL),
(788, 18, 144, NULL),
(789, 18, 145, NULL),
(790, 18, 146, NULL),
(791, 19, 433, NULL),
(792, 19, 434, NULL),
(793, 19, 435, NULL),
(794, 19, 436, NULL),
(795, 19, 437, NULL),
(796, 19, 438, NULL),
(797, 19, 439, NULL),
(798, 19, 440, NULL),
(799, 19, 441, NULL),
(800, 19, 442, NULL),
(801, 19, 443, NULL),
(802, 19, 444, NULL),
(803, 19, 445, NULL),
(804, 19, 446, NULL),
(805, 19, 447, NULL),
(806, 19, 448, NULL),
(807, 19, 449, NULL),
(808, 19, 450, NULL),
(809, 19, 451, NULL),
(810, 19, 452, NULL),
(811, 19, 453, NULL),
(812, 19, 454, NULL),
(813, 19, 455, NULL),
(814, 19, 456, NULL),
(815, 19, 457, NULL),
(816, 19, 458, NULL),
(817, 19, 459, NULL),
(818, 19, 460, NULL),
(819, 19, 461, NULL),
(820, 19, 462, NULL),
(821, 19, 463, NULL),
(822, 19, 464, NULL),
(823, 19, 465, NULL),
(824, 19, 466, NULL),
(825, 19, 467, NULL),
(826, 19, 468, NULL),
(827, 19, 469, NULL),
(828, 19, 470, NULL),
(829, 19, 471, NULL),
(830, 19, 472, NULL),
(831, 19, 473, NULL),
(832, 19, 474, NULL),
(833, 19, 475, NULL),
(834, 19, 476, NULL),
(835, 19, 477, NULL),
(836, 19, 478, NULL),
(837, 19, 479, NULL),
(838, 19, 480, NULL),
(839, 19, 481, NULL),
(840, 19, 482, NULL),
(841, 19, 483, NULL),
(842, 19, 484, NULL),
(843, 19, 485, NULL),
(844, 19, 486, NULL),
(845, 19, 487, NULL),
(846, 19, 488, NULL),
(847, 19, 489, NULL),
(848, 19, 490, NULL),
(849, 19, 491, NULL),
(850, 19, 492, NULL),
(851, 19, 493, NULL),
(852, 19, 494, NULL),
(853, 19, 495, NULL),
(854, 19, 496, NULL),
(855, 19, 497, NULL),
(856, 19, 498, NULL),
(857, 19, 499, NULL),
(858, 19, 500, NULL),
(859, 19, 501, NULL),
(860, 19, 502, NULL),
(861, 19, 503, NULL),
(862, 19, 504, NULL),
(863, 19, 505, NULL),
(864, 19, 506, NULL),
(865, 19, 507, NULL),
(866, 19, 508, NULL),
(867, 19, 509, NULL),
(868, 19, 510, NULL),
(869, 19, 511, NULL),
(870, 19, 512, NULL),
(871, 19, 513, NULL),
(872, 19, 514, NULL),
(873, 19, 515, NULL),
(874, 19, 516, NULL),
(875, 19, 517, NULL),
(876, 19, 518, NULL),
(877, 19, 519, NULL),
(878, 19, 520, NULL),
(879, 20, 433, NULL),
(880, 20, 434, NULL),
(881, 20, 435, NULL),
(882, 20, 436, NULL),
(883, 20, 437, NULL),
(884, 20, 438, NULL),
(885, 20, 439, NULL),
(886, 20, 440, NULL),
(887, 20, 441, NULL),
(888, 20, 442, NULL),
(889, 20, 443, NULL),
(890, 20, 444, NULL),
(891, 20, 445, NULL),
(892, 20, 446, NULL),
(893, 20, 447, NULL),
(894, 20, 448, NULL),
(895, 20, 449, NULL),
(896, 20, 450, NULL),
(897, 20, 451, NULL),
(898, 20, 452, NULL),
(899, 20, 453, NULL),
(900, 20, 454, NULL),
(901, 20, 455, NULL),
(902, 20, 456, NULL),
(903, 20, 457, NULL),
(904, 20, 458, NULL),
(905, 20, 459, NULL),
(906, 20, 460, NULL),
(907, 20, 461, NULL),
(908, 20, 462, NULL),
(909, 20, 463, NULL),
(910, 20, 464, NULL),
(911, 20, 465, NULL),
(912, 20, 466, NULL),
(913, 20, 467, NULL),
(914, 20, 468, NULL),
(915, 20, 469, NULL),
(916, 20, 470, NULL),
(917, 20, 471, NULL),
(918, 20, 472, NULL),
(919, 20, 473, NULL),
(920, 20, 474, NULL),
(921, 20, 475, NULL),
(922, 20, 476, NULL),
(923, 20, 477, NULL),
(924, 20, 478, NULL),
(925, 20, 479, NULL),
(926, 20, 480, NULL),
(927, 20, 481, NULL),
(928, 20, 482, NULL),
(929, 20, 483, NULL),
(930, 20, 484, NULL),
(931, 20, 485, NULL),
(932, 20, 486, NULL),
(933, 20, 487, NULL),
(934, 20, 488, NULL),
(935, 20, 489, NULL),
(936, 20, 490, NULL),
(937, 20, 491, NULL),
(938, 20, 492, NULL),
(939, 20, 493, NULL),
(940, 20, 494, NULL),
(941, 20, 495, NULL),
(942, 20, 496, NULL),
(943, 20, 497, NULL),
(944, 20, 498, NULL),
(945, 20, 499, NULL),
(946, 20, 500, NULL),
(947, 20, 501, NULL),
(948, 20, 502, NULL),
(949, 20, 503, NULL),
(950, 20, 504, NULL),
(951, 20, 505, NULL),
(952, 20, 506, NULL),
(953, 20, 507, NULL),
(954, 20, 508, NULL),
(955, 20, 509, NULL),
(956, 20, 510, NULL),
(957, 20, 511, NULL),
(958, 20, 512, NULL),
(959, 20, 513, NULL),
(960, 20, 514, NULL),
(961, 20, 515, NULL),
(962, 20, 516, NULL),
(963, 20, 517, NULL),
(964, 20, 518, NULL),
(965, 20, 519, NULL),
(966, 20, 520, NULL),
(967, 21, 433, NULL),
(968, 21, 434, NULL),
(969, 21, 435, NULL),
(970, 21, 436, NULL),
(971, 21, 437, NULL),
(972, 21, 438, NULL),
(973, 21, 439, NULL),
(974, 21, 440, NULL),
(975, 21, 441, NULL),
(976, 21, 442, NULL),
(977, 21, 443, NULL),
(978, 21, 444, NULL),
(979, 21, 445, NULL),
(980, 21, 446, NULL),
(981, 21, 447, NULL),
(982, 21, 448, NULL),
(983, 21, 449, NULL),
(984, 21, 450, NULL),
(985, 21, 451, NULL),
(986, 21, 452, NULL),
(987, 21, 453, NULL),
(988, 21, 454, NULL),
(989, 21, 455, NULL),
(990, 21, 456, NULL),
(991, 21, 457, NULL),
(992, 21, 458, NULL),
(993, 21, 459, NULL),
(994, 21, 460, NULL),
(995, 21, 461, NULL),
(996, 21, 462, NULL),
(997, 21, 463, NULL),
(998, 21, 464, NULL),
(999, 21, 465, NULL),
(1000, 21, 466, NULL),
(1001, 21, 467, NULL),
(1002, 21, 468, NULL),
(1003, 21, 469, NULL),
(1004, 21, 470, NULL),
(1005, 21, 471, NULL),
(1006, 21, 472, NULL),
(1007, 21, 473, NULL),
(1008, 21, 474, NULL),
(1009, 21, 475, NULL),
(1010, 21, 476, NULL),
(1011, 21, 477, NULL),
(1012, 21, 478, NULL),
(1013, 21, 479, NULL),
(1014, 21, 480, NULL),
(1015, 21, 481, NULL),
(1016, 21, 482, NULL),
(1017, 21, 483, NULL),
(1018, 21, 484, NULL),
(1019, 21, 485, NULL),
(1020, 21, 486, NULL),
(1021, 21, 487, NULL),
(1022, 21, 488, NULL),
(1023, 21, 489, NULL),
(1024, 21, 490, NULL),
(1025, 21, 491, NULL),
(1026, 21, 492, NULL),
(1027, 21, 493, NULL),
(1028, 21, 494, NULL),
(1029, 21, 495, NULL),
(1030, 21, 496, NULL),
(1031, 21, 497, NULL),
(1032, 21, 498, NULL),
(1033, 21, 499, NULL),
(1034, 21, 500, NULL),
(1035, 21, 501, NULL),
(1036, 21, 502, NULL),
(1037, 21, 503, NULL),
(1038, 21, 504, NULL),
(1039, 21, 505, NULL),
(1040, 21, 506, NULL),
(1041, 21, 507, NULL),
(1042, 21, 508, NULL),
(1043, 21, 509, NULL),
(1044, 21, 510, NULL),
(1045, 21, 511, NULL),
(1046, 21, 512, NULL),
(1047, 21, 513, NULL),
(1048, 21, 514, NULL),
(1049, 21, 515, NULL),
(1050, 21, 516, NULL),
(1051, 21, 517, NULL),
(1052, 21, 518, NULL),
(1053, 21, 519, NULL),
(1054, 21, 520, NULL),
(1055, 22, 290, NULL),
(1056, 22, 291, NULL),
(1057, 22, 292, NULL),
(1058, 22, 293, NULL),
(1059, 22, 294, NULL),
(1060, 22, 295, NULL),
(1061, 22, 296, NULL),
(1062, 22, 297, NULL),
(1063, 22, 298, NULL),
(1064, 22, 299, NULL),
(1065, 22, 300, NULL),
(1066, 22, 301, NULL),
(1067, 22, 302, NULL),
(1068, 22, 303, NULL),
(1069, 22, 304, NULL),
(1070, 22, 305, NULL),
(1071, 22, 306, NULL),
(1072, 22, 307, NULL),
(1073, 22, 308, NULL),
(1074, 22, 309, NULL),
(1075, 22, 310, NULL),
(1076, 22, 311, NULL),
(1077, 22, 312, NULL),
(1078, 22, 313, NULL),
(1079, 22, 314, NULL),
(1080, 22, 315, NULL),
(1081, 22, 316, NULL),
(1082, 22, 317, NULL),
(1083, 22, 318, NULL),
(1084, 22, 319, NULL),
(1085, 22, 320, NULL),
(1086, 22, 321, NULL),
(1087, 22, 322, NULL),
(1088, 22, 323, NULL),
(1089, 22, 324, NULL),
(1090, 22, 325, NULL),
(1091, 22, 326, NULL),
(1092, 22, 327, NULL),
(1093, 22, 328, NULL),
(1094, 22, 329, NULL),
(1095, 22, 330, NULL),
(1096, 22, 331, NULL),
(1097, 22, 332, NULL),
(1098, 22, 333, NULL),
(1099, 22, 334, NULL),
(1100, 22, 335, NULL),
(1101, 22, 336, NULL),
(1102, 22, 337, NULL),
(1103, 22, 338, NULL),
(1104, 22, 339, NULL),
(1105, 22, 340, NULL),
(1106, 22, 341, NULL),
(1107, 22, 342, NULL),
(1108, 22, 343, NULL),
(1109, 22, 344, NULL),
(1110, 22, 345, NULL),
(1111, 22, 346, NULL),
(1112, 22, 347, NULL),
(1113, 22, 348, NULL),
(1114, 22, 349, NULL),
(1115, 22, 350, NULL),
(1116, 22, 351, NULL),
(1117, 22, 352, NULL),
(1118, 22, 353, NULL),
(1119, 22, 354, NULL),
(1120, 22, 355, NULL),
(1121, 23, 290, NULL),
(1122, 23, 291, NULL),
(1123, 23, 292, NULL),
(1124, 23, 293, NULL),
(1125, 23, 294, NULL),
(1126, 23, 295, NULL),
(1127, 23, 296, NULL),
(1128, 23, 297, NULL),
(1129, 23, 298, NULL),
(1130, 23, 299, NULL),
(1131, 23, 300, NULL),
(1132, 23, 301, NULL),
(1133, 23, 302, NULL),
(1134, 23, 303, NULL),
(1135, 23, 304, NULL),
(1136, 23, 305, NULL),
(1137, 23, 306, NULL),
(1138, 23, 307, NULL),
(1139, 23, 308, NULL),
(1140, 23, 309, NULL),
(1141, 23, 310, NULL),
(1142, 23, 311, NULL),
(1143, 23, 312, NULL),
(1144, 23, 313, NULL),
(1145, 23, 314, NULL),
(1146, 23, 315, NULL),
(1147, 23, 316, NULL),
(1148, 23, 317, NULL),
(1149, 23, 318, NULL),
(1150, 23, 319, NULL),
(1151, 23, 320, NULL),
(1152, 23, 321, NULL),
(1153, 23, 322, NULL),
(1154, 23, 323, NULL),
(1155, 23, 324, NULL),
(1156, 23, 325, NULL),
(1157, 23, 326, NULL),
(1158, 23, 327, NULL),
(1159, 23, 328, NULL),
(1160, 23, 329, NULL),
(1161, 23, 330, NULL),
(1162, 23, 331, NULL),
(1163, 23, 332, NULL),
(1164, 23, 333, NULL),
(1165, 23, 334, NULL),
(1166, 23, 335, NULL),
(1167, 23, 336, NULL),
(1168, 23, 337, NULL),
(1169, 23, 338, NULL),
(1170, 23, 339, NULL),
(1171, 23, 340, NULL),
(1172, 23, 341, NULL),
(1173, 23, 342, NULL),
(1174, 23, 343, NULL),
(1175, 23, 344, NULL),
(1176, 23, 345, NULL),
(1177, 23, 346, NULL),
(1178, 23, 347, NULL),
(1179, 23, 348, NULL),
(1180, 23, 349, NULL),
(1181, 23, 350, NULL),
(1182, 23, 351, NULL),
(1183, 23, 352, NULL),
(1184, 23, 353, NULL),
(1185, 23, 354, NULL),
(1186, 23, 355, NULL),
(1187, 24, 224, NULL),
(1188, 24, 225, NULL),
(1189, 24, 226, NULL),
(1190, 24, 227, NULL),
(1191, 24, 228, NULL),
(1192, 24, 229, NULL),
(1193, 24, 230, NULL),
(1194, 24, 231, NULL),
(1195, 24, 232, NULL),
(1196, 24, 233, NULL),
(1197, 24, 234, NULL),
(1198, 24, 235, NULL),
(1199, 24, 236, NULL),
(1200, 24, 237, NULL),
(1201, 24, 238, NULL),
(1202, 24, 239, NULL),
(1203, 24, 240, NULL),
(1204, 24, 241, NULL),
(1205, 24, 242, NULL),
(1206, 24, 243, NULL),
(1207, 24, 244, NULL),
(1208, 24, 245, NULL),
(1209, 24, 246, NULL),
(1210, 24, 247, NULL),
(1211, 24, 248, NULL),
(1212, 24, 249, NULL),
(1213, 24, 250, NULL),
(1214, 24, 251, NULL),
(1215, 24, 252, NULL),
(1216, 24, 253, NULL),
(1217, 24, 254, NULL),
(1218, 24, 255, NULL),
(1219, 24, 256, NULL),
(1220, 24, 257, NULL),
(1221, 24, 258, NULL),
(1222, 24, 259, NULL),
(1223, 24, 260, NULL),
(1224, 24, 261, NULL),
(1225, 24, 262, NULL),
(1226, 24, 263, NULL),
(1227, 24, 264, NULL),
(1228, 24, 265, NULL),
(1229, 24, 266, NULL),
(1230, 24, 267, NULL),
(1231, 24, 268, NULL),
(1232, 24, 269, NULL),
(1233, 24, 270, NULL),
(1234, 24, 271, NULL),
(1235, 24, 272, NULL),
(1236, 24, 273, NULL),
(1237, 24, 274, NULL),
(1238, 24, 275, NULL),
(1239, 24, 276, NULL),
(1240, 24, 277, NULL),
(1241, 24, 278, NULL),
(1242, 24, 279, NULL),
(1243, 24, 280, NULL),
(1244, 24, 281, NULL),
(1245, 24, 282, NULL),
(1246, 24, 283, NULL),
(1247, 24, 284, NULL),
(1248, 24, 285, NULL),
(1249, 24, 286, NULL),
(1250, 24, 287, NULL),
(1251, 24, 288, NULL),
(1252, 24, 289, NULL),
(1253, 25, 224, NULL),
(1254, 25, 225, NULL),
(1255, 25, 226, NULL),
(1256, 25, 227, NULL),
(1257, 25, 228, NULL),
(1258, 25, 229, NULL),
(1259, 25, 230, NULL),
(1260, 25, 231, NULL),
(1261, 25, 232, NULL),
(1262, 25, 233, NULL),
(1263, 25, 234, NULL),
(1264, 25, 235, NULL),
(1265, 25, 236, NULL),
(1266, 25, 237, NULL),
(1267, 25, 238, NULL),
(1268, 25, 239, NULL),
(1269, 25, 240, NULL),
(1270, 25, 241, NULL),
(1271, 25, 242, NULL),
(1272, 25, 243, NULL),
(1273, 25, 244, NULL),
(1274, 25, 245, NULL),
(1275, 25, 246, NULL),
(1276, 25, 247, NULL),
(1277, 25, 248, NULL),
(1278, 25, 249, NULL),
(1279, 25, 250, NULL),
(1280, 25, 251, NULL),
(1281, 25, 252, NULL),
(1282, 25, 253, NULL),
(1283, 25, 254, NULL),
(1284, 25, 255, NULL),
(1285, 25, 256, NULL),
(1286, 25, 257, NULL),
(1287, 25, 258, NULL),
(1288, 25, 259, NULL),
(1289, 25, 260, NULL),
(1290, 25, 261, NULL),
(1291, 25, 262, NULL),
(1292, 25, 263, NULL),
(1293, 25, 264, NULL),
(1294, 25, 265, NULL),
(1295, 25, 266, NULL),
(1296, 25, 267, NULL),
(1297, 25, 268, NULL),
(1298, 25, 269, NULL),
(1299, 25, 270, NULL),
(1300, 25, 271, NULL),
(1301, 25, 272, NULL),
(1302, 25, 273, NULL),
(1303, 25, 274, NULL),
(1304, 25, 275, NULL),
(1305, 25, 276, NULL),
(1306, 25, 277, NULL),
(1307, 25, 278, NULL),
(1308, 25, 279, NULL),
(1309, 25, 280, NULL),
(1310, 25, 281, NULL),
(1311, 25, 282, NULL),
(1312, 25, 283, NULL),
(1313, 25, 284, NULL),
(1314, 25, 285, NULL),
(1315, 25, 286, NULL),
(1316, 25, 287, NULL),
(1317, 25, 288, NULL),
(1318, 25, 289, NULL),
(1319, 26, 61, NULL),
(1320, 26, 62, NULL),
(1321, 26, 63, NULL),
(1322, 26, 64, NULL),
(1323, 26, 65, NULL),
(1324, 26, 66, NULL),
(1325, 26, 67, NULL),
(1326, 26, 68, NULL),
(1327, 26, 69, NULL),
(1328, 26, 70, NULL),
(1329, 26, 71, NULL),
(1330, 26, 72, NULL),
(1331, 26, 73, NULL),
(1332, 26, 74, NULL),
(1333, 26, 75, NULL),
(1334, 26, 76, NULL),
(1335, 26, 77, NULL),
(1336, 26, 78, NULL),
(1337, 26, 79, NULL),
(1338, 26, 80, NULL),
(1339, 26, 81, NULL),
(1340, 26, 82, NULL),
(1341, 26, 83, NULL),
(1342, 26, 84, NULL),
(1343, 26, 85, NULL),
(1344, 26, 86, NULL),
(1345, 26, 87, NULL),
(1346, 26, 88, NULL),
(1347, 26, 89, NULL),
(1348, 26, 90, NULL),
(1349, 26, 91, NULL),
(1350, 26, 92, NULL),
(1351, 26, 93, NULL),
(1352, 26, 94, NULL),
(1353, 26, 95, NULL),
(1354, 26, 96, NULL),
(1355, 26, 97, NULL),
(1356, 26, 98, NULL),
(1357, 26, 99, NULL),
(1358, 26, 100, NULL),
(1359, 26, 101, NULL),
(1360, 26, 102, NULL),
(1361, 26, 103, NULL),
(1362, 26, 104, NULL),
(1363, 26, 105, NULL),
(1364, 26, 106, NULL),
(1365, 26, 107, NULL),
(1366, 26, 108, NULL),
(1367, 26, 109, NULL),
(1368, 26, 110, NULL),
(1369, 26, 111, NULL),
(1370, 26, 112, NULL),
(1371, 26, 113, NULL),
(1372, 26, 114, NULL),
(1373, 26, 115, NULL),
(1374, 26, 116, NULL),
(1375, 26, 117, NULL),
(1376, 26, 118, NULL),
(1377, 26, 119, NULL),
(1378, 26, 120, NULL),
(1379, 26, 121, NULL),
(1380, 26, 122, NULL),
(1381, 26, 123, NULL),
(1382, 26, 124, NULL),
(1383, 26, 125, NULL),
(1384, 26, 126, NULL),
(1385, 26, 127, NULL),
(1386, 26, 128, NULL),
(1387, 26, 129, NULL),
(1388, 26, 130, NULL),
(1389, 26, 131, NULL),
(1390, 26, 132, NULL),
(1391, 26, 133, NULL),
(1392, 26, 134, NULL),
(1393, 26, 135, NULL),
(1394, 26, 136, NULL),
(1395, 26, 137, NULL),
(1396, 26, 138, NULL),
(1397, 26, 139, NULL),
(1398, 26, 140, NULL),
(1399, 26, 141, NULL),
(1400, 26, 142, NULL),
(1401, 26, 143, NULL),
(1402, 26, 144, NULL),
(1403, 26, 145, NULL),
(1404, 26, 146, NULL),
(1405, 27, 433, NULL),
(1406, 27, 434, NULL),
(1407, 27, 435, NULL),
(1408, 27, 436, NULL),
(1409, 27, 437, NULL),
(1410, 27, 438, NULL),
(1411, 27, 439, NULL),
(1412, 27, 440, NULL),
(1413, 27, 441, NULL),
(1414, 27, 442, NULL),
(1415, 27, 443, NULL),
(1416, 27, 444, NULL),
(1417, 27, 445, NULL),
(1418, 27, 446, NULL),
(1419, 27, 447, NULL),
(1420, 27, 448, NULL),
(1421, 27, 449, NULL),
(1422, 27, 450, NULL),
(1423, 27, 451, NULL),
(1424, 27, 452, NULL),
(1425, 27, 453, NULL),
(1426, 27, 454, NULL),
(1427, 27, 455, NULL),
(1428, 27, 456, NULL),
(1429, 27, 457, NULL),
(1430, 27, 458, NULL),
(1431, 27, 459, NULL),
(1432, 27, 460, NULL),
(1433, 27, 461, NULL),
(1434, 27, 462, NULL),
(1435, 27, 463, NULL),
(1436, 27, 464, NULL),
(1437, 27, 465, NULL),
(1438, 27, 466, NULL),
(1439, 27, 467, NULL),
(1440, 27, 468, NULL),
(1441, 27, 469, NULL),
(1442, 27, 470, NULL),
(1443, 27, 471, NULL),
(1444, 27, 472, NULL),
(1445, 27, 473, NULL),
(1446, 27, 474, NULL),
(1447, 27, 475, NULL),
(1448, 27, 476, NULL),
(1449, 27, 477, NULL),
(1450, 27, 478, NULL),
(1451, 27, 479, NULL),
(1452, 27, 480, NULL),
(1453, 27, 481, NULL),
(1454, 27, 482, NULL),
(1455, 27, 483, NULL),
(1456, 27, 484, NULL),
(1457, 27, 485, NULL),
(1458, 27, 486, NULL),
(1459, 27, 487, NULL),
(1460, 27, 488, NULL),
(1461, 27, 489, NULL),
(1462, 27, 490, NULL),
(1463, 27, 491, NULL),
(1464, 27, 492, NULL),
(1465, 27, 493, NULL),
(1466, 27, 494, NULL),
(1467, 27, 495, NULL),
(1468, 27, 496, NULL),
(1469, 27, 497, NULL),
(1470, 27, 498, NULL),
(1471, 27, 499, NULL),
(1472, 27, 500, NULL),
(1473, 27, 501, NULL),
(1474, 27, 502, NULL),
(1475, 27, 503, NULL),
(1476, 27, 504, NULL),
(1477, 27, 505, NULL),
(1478, 27, 506, NULL),
(1479, 27, 507, NULL),
(1480, 27, 508, NULL),
(1481, 27, 509, NULL),
(1482, 27, 510, NULL),
(1483, 27, 511, NULL),
(1484, 27, 512, NULL),
(1485, 27, 513, NULL),
(1486, 27, 514, NULL),
(1487, 27, 515, NULL),
(1488, 27, 516, NULL),
(1489, 27, 517, NULL),
(1490, 27, 518, NULL),
(1491, 27, 519, NULL),
(1492, 27, 520, NULL),
(1493, 28, 433, NULL),
(1494, 28, 434, NULL),
(1495, 28, 435, NULL),
(1496, 28, 436, NULL),
(1497, 28, 437, NULL),
(1498, 28, 438, NULL),
(1499, 28, 439, NULL),
(1500, 28, 440, NULL),
(1501, 28, 441, NULL),
(1502, 28, 442, NULL),
(1503, 28, 443, NULL),
(1504, 28, 444, NULL),
(1505, 28, 445, NULL),
(1506, 28, 446, NULL),
(1507, 28, 447, NULL),
(1508, 28, 448, NULL),
(1509, 28, 449, NULL),
(1510, 28, 450, NULL),
(1511, 28, 451, NULL),
(1512, 28, 452, NULL),
(1513, 28, 453, NULL),
(1514, 28, 454, NULL),
(1515, 28, 455, NULL),
(1516, 28, 456, NULL),
(1517, 28, 457, NULL),
(1518, 28, 458, NULL),
(1519, 28, 459, NULL),
(1520, 28, 460, NULL),
(1521, 28, 461, NULL),
(1522, 28, 462, NULL),
(1523, 28, 463, NULL),
(1524, 28, 464, NULL),
(1525, 28, 465, NULL),
(1526, 28, 466, NULL),
(1527, 28, 467, NULL),
(1528, 28, 468, NULL),
(1529, 28, 469, NULL),
(1530, 28, 470, NULL),
(1531, 28, 471, NULL),
(1532, 28, 472, NULL),
(1533, 28, 473, NULL),
(1534, 28, 474, NULL),
(1535, 28, 475, NULL),
(1536, 28, 476, NULL),
(1537, 28, 477, NULL),
(1538, 28, 478, NULL),
(1539, 28, 479, NULL),
(1540, 28, 480, NULL),
(1541, 28, 481, NULL),
(1542, 28, 482, NULL),
(1543, 28, 483, NULL),
(1544, 28, 484, NULL),
(1545, 28, 485, NULL),
(1546, 28, 486, NULL),
(1547, 28, 487, NULL),
(1548, 28, 488, NULL),
(1549, 28, 489, NULL),
(1550, 28, 490, NULL),
(1551, 28, 491, NULL),
(1552, 28, 492, NULL),
(1553, 28, 493, NULL),
(1554, 28, 494, NULL),
(1555, 28, 495, NULL),
(1556, 28, 496, NULL),
(1557, 28, 497, NULL),
(1558, 28, 498, NULL),
(1559, 28, 499, NULL),
(1560, 28, 500, NULL),
(1561, 28, 501, NULL),
(1562, 28, 502, NULL),
(1563, 28, 503, NULL),
(1564, 28, 504, NULL),
(1565, 28, 505, NULL),
(1566, 28, 506, NULL),
(1567, 28, 507, NULL),
(1568, 28, 508, NULL),
(1569, 28, 509, NULL),
(1570, 28, 510, NULL),
(1571, 28, 511, NULL),
(1572, 28, 512, NULL),
(1573, 28, 513, NULL),
(1574, 28, 514, NULL),
(1575, 28, 515, NULL),
(1576, 28, 516, NULL),
(1577, 28, 517, NULL),
(1578, 28, 518, NULL),
(1579, 28, 519, NULL),
(1580, 28, 520, NULL),
(1581, 29, 1, NULL),
(1582, 29, 2, NULL),
(1583, 29, 3, NULL),
(1584, 29, 4, NULL),
(1585, 29, 5, NULL),
(1586, 29, 6, NULL),
(1587, 29, 7, NULL),
(1588, 29, 8, NULL),
(1589, 29, 9, NULL),
(1590, 29, 10, NULL),
(1591, 29, 11, NULL),
(1592, 29, 12, NULL),
(1593, 29, 13, NULL),
(1594, 29, 14, NULL),
(1595, 29, 15, NULL),
(1596, 29, 16, NULL),
(1597, 29, 17, NULL),
(1598, 29, 18, NULL),
(1599, 29, 19, NULL),
(1600, 29, 20, NULL),
(1601, 29, 21, NULL),
(1602, 29, 22, NULL),
(1603, 29, 23, NULL),
(1604, 29, 24, NULL),
(1605, 29, 25, NULL),
(1606, 29, 26, NULL),
(1607, 29, 27, NULL),
(1608, 29, 28, NULL),
(1609, 29, 29, NULL),
(1610, 29, 30, NULL),
(1611, 29, 31, NULL),
(1612, 29, 32, NULL),
(1613, 29, 33, NULL),
(1614, 29, 34, NULL),
(1615, 29, 35, NULL),
(1616, 29, 36, NULL),
(1617, 29, 37, NULL),
(1618, 29, 38, NULL),
(1619, 29, 39, NULL),
(1620, 29, 40, NULL),
(1621, 29, 41, NULL),
(1622, 29, 42, NULL),
(1623, 29, 43, NULL),
(1624, 29, 44, NULL),
(1625, 29, 45, NULL),
(1626, 29, 46, NULL),
(1627, 29, 47, NULL),
(1628, 29, 48, NULL),
(1629, 29, 49, NULL),
(1630, 29, 50, NULL),
(1631, 29, 51, NULL),
(1632, 29, 52, NULL),
(1633, 29, 53, NULL),
(1634, 29, 54, NULL),
(1635, 29, 55, NULL),
(1636, 29, 56, NULL),
(1637, 29, 57, NULL),
(1638, 29, 58, NULL),
(1639, 29, 59, NULL),
(1640, 29, 60, NULL),
(1641, 30, 1, NULL),
(1642, 30, 2, NULL),
(1643, 30, 3, NULL),
(1644, 30, 4, NULL),
(1645, 30, 5, NULL),
(1646, 30, 6, NULL),
(1647, 30, 7, NULL),
(1648, 30, 8, NULL),
(1649, 30, 9, NULL),
(1650, 30, 10, NULL),
(1651, 30, 11, NULL),
(1652, 30, 12, NULL),
(1653, 30, 13, NULL),
(1654, 30, 14, NULL),
(1655, 30, 15, NULL),
(1656, 30, 16, NULL),
(1657, 30, 17, NULL),
(1658, 30, 18, NULL),
(1659, 30, 19, NULL),
(1660, 30, 20, NULL),
(1661, 30, 21, NULL),
(1662, 30, 22, NULL),
(1663, 30, 23, NULL),
(1664, 30, 24, NULL),
(1665, 30, 25, NULL),
(1666, 30, 26, NULL),
(1667, 30, 27, NULL),
(1668, 30, 28, NULL),
(1669, 30, 29, NULL),
(1670, 30, 30, NULL),
(1671, 30, 31, NULL),
(1672, 30, 32, NULL),
(1673, 30, 33, NULL),
(1674, 30, 34, NULL),
(1675, 30, 35, NULL),
(1676, 30, 36, NULL),
(1677, 30, 37, NULL),
(1678, 30, 38, NULL),
(1679, 30, 39, NULL),
(1680, 30, 40, NULL),
(1681, 30, 41, NULL),
(1682, 30, 42, NULL),
(1683, 30, 43, NULL),
(1684, 30, 44, NULL),
(1685, 30, 45, NULL),
(1686, 30, 46, NULL),
(1687, 30, 47, NULL),
(1688, 30, 48, NULL),
(1689, 30, 49, NULL),
(1690, 30, 50, NULL),
(1691, 30, 51, NULL),
(1692, 30, 52, NULL),
(1693, 30, 53, NULL),
(1694, 30, 54, NULL),
(1695, 30, 55, NULL),
(1696, 30, 56, NULL),
(1697, 30, 57, NULL),
(1698, 30, 58, NULL),
(1699, 30, 59, NULL),
(1700, 30, 60, NULL),
(1701, 31, 1, NULL),
(1702, 31, 2, NULL),
(1703, 31, 3, NULL),
(1704, 31, 4, NULL),
(1705, 31, 5, NULL),
(1706, 31, 6, NULL),
(1707, 31, 7, NULL),
(1708, 31, 8, NULL),
(1709, 31, 9, NULL),
(1710, 31, 10, NULL),
(1711, 31, 11, NULL),
(1712, 31, 12, NULL),
(1713, 31, 13, NULL),
(1714, 31, 14, NULL),
(1715, 31, 15, NULL),
(1716, 31, 16, NULL),
(1717, 31, 17, NULL),
(1718, 31, 18, NULL),
(1719, 31, 19, NULL),
(1720, 31, 20, NULL),
(1721, 31, 21, NULL),
(1722, 31, 22, NULL),
(1723, 31, 23, NULL),
(1724, 31, 24, NULL),
(1725, 31, 25, NULL),
(1726, 31, 26, NULL),
(1727, 31, 27, NULL),
(1728, 31, 28, NULL),
(1729, 31, 29, NULL),
(1730, 31, 30, NULL),
(1731, 31, 31, NULL),
(1732, 31, 32, NULL),
(1733, 31, 33, NULL),
(1734, 31, 34, NULL),
(1735, 31, 35, NULL),
(1736, 31, 36, NULL),
(1737, 31, 37, NULL),
(1738, 31, 38, NULL),
(1739, 31, 39, NULL),
(1740, 31, 40, NULL),
(1741, 31, 41, NULL),
(1742, 31, 42, NULL),
(1743, 31, 43, NULL),
(1744, 31, 44, NULL),
(1745, 31, 45, NULL),
(1746, 31, 46, NULL),
(1747, 31, 47, NULL),
(1748, 31, 48, NULL),
(1749, 31, 49, NULL),
(1750, 31, 50, NULL),
(1751, 31, 51, NULL),
(1752, 31, 52, NULL),
(1753, 31, 53, NULL),
(1754, 31, 54, NULL),
(1755, 31, 55, NULL),
(1756, 31, 56, NULL),
(1757, 31, 57, NULL),
(1758, 31, 58, NULL),
(1759, 31, 59, NULL),
(1760, 31, 60, NULL),
(1761, 32, 356, NULL),
(1762, 32, 357, NULL),
(1763, 32, 358, NULL),
(1764, 32, 359, NULL),
(1765, 32, 360, NULL),
(1766, 32, 361, NULL),
(1767, 32, 362, NULL),
(1768, 32, 363, NULL),
(1769, 32, 364, NULL),
(1770, 32, 365, NULL),
(1771, 32, 366, NULL),
(1772, 32, 367, NULL),
(1773, 32, 368, NULL),
(1774, 32, 369, NULL),
(1775, 32, 370, NULL),
(1776, 32, 371, NULL),
(1777, 32, 372, NULL),
(1778, 32, 373, NULL),
(1779, 32, 374, NULL),
(1780, 32, 375, NULL),
(1781, 32, 376, NULL),
(1782, 32, 377, NULL),
(1783, 32, 378, NULL),
(1784, 32, 379, NULL),
(1785, 32, 380, NULL),
(1786, 32, 381, NULL),
(1787, 32, 382, NULL),
(1788, 32, 383, NULL),
(1789, 32, 384, NULL),
(1790, 32, 385, NULL),
(1791, 32, 386, NULL),
(1792, 32, 387, NULL),
(1793, 32, 388, NULL),
(1794, 32, 389, NULL),
(1795, 32, 390, NULL),
(1796, 32, 391, NULL),
(1797, 32, 392, NULL),
(1798, 32, 393, NULL),
(1799, 32, 394, NULL),
(1800, 32, 395, NULL),
(1801, 32, 396, NULL),
(1802, 32, 397, NULL),
(1803, 32, 398, NULL),
(1804, 32, 399, NULL),
(1805, 32, 400, NULL),
(1806, 32, 401, NULL),
(1807, 32, 402, NULL),
(1808, 32, 403, NULL),
(1809, 32, 404, NULL),
(1810, 32, 405, NULL),
(1811, 32, 406, NULL),
(1812, 32, 407, NULL),
(1813, 32, 408, NULL),
(1814, 32, 409, NULL),
(1815, 32, 410, NULL),
(1816, 32, 411, NULL),
(1817, 32, 412, NULL),
(1818, 32, 413, NULL),
(1819, 32, 414, NULL),
(1820, 32, 415, NULL),
(1821, 32, 416, NULL),
(1822, 32, 417, NULL),
(1823, 32, 418, NULL),
(1824, 32, 419, NULL),
(1825, 32, 420, NULL),
(1826, 32, 421, NULL),
(1827, 32, 422, NULL),
(1828, 32, 423, NULL),
(1829, 32, 424, NULL),
(1830, 32, 425, NULL),
(1831, 32, 426, NULL),
(1832, 32, 427, NULL),
(1833, 32, 428, NULL),
(1834, 32, 429, NULL),
(1835, 32, 430, NULL),
(1836, 32, 431, NULL),
(1837, 32, 432, NULL),
(1838, 33, 356, NULL),
(1839, 33, 357, NULL),
(1840, 33, 358, NULL),
(1841, 33, 359, NULL),
(1842, 33, 360, NULL),
(1843, 33, 361, NULL),
(1844, 33, 362, NULL),
(1845, 33, 363, NULL),
(1846, 33, 364, NULL),
(1847, 33, 365, NULL),
(1848, 33, 366, NULL),
(1849, 33, 367, NULL),
(1850, 33, 368, NULL),
(1851, 33, 369, NULL),
(1852, 33, 370, NULL),
(1853, 33, 371, NULL),
(1854, 33, 372, NULL),
(1855, 33, 373, NULL),
(1856, 33, 374, NULL),
(1857, 33, 375, NULL),
(1858, 33, 376, NULL),
(1859, 33, 377, NULL),
(1860, 33, 378, NULL),
(1861, 33, 379, NULL),
(1862, 33, 380, NULL),
(1863, 33, 381, NULL),
(1864, 33, 382, NULL),
(1865, 33, 383, NULL),
(1866, 33, 384, NULL),
(1867, 33, 385, NULL),
(1868, 33, 386, NULL),
(1869, 33, 387, NULL),
(1870, 33, 388, NULL),
(1871, 33, 389, NULL),
(1872, 33, 390, NULL),
(1873, 33, 391, NULL),
(1874, 33, 392, NULL),
(1875, 33, 393, NULL),
(1876, 33, 394, NULL),
(1877, 33, 395, NULL),
(1878, 33, 396, NULL),
(1879, 33, 397, NULL),
(1880, 33, 398, NULL),
(1881, 33, 399, NULL),
(1882, 33, 400, NULL),
(1883, 33, 401, NULL),
(1884, 33, 402, NULL),
(1885, 33, 403, NULL),
(1886, 33, 404, NULL),
(1887, 33, 405, NULL),
(1888, 33, 406, NULL),
(1889, 33, 407, NULL),
(1890, 33, 408, NULL),
(1891, 33, 409, NULL),
(1892, 33, 410, NULL),
(1893, 33, 411, NULL),
(1894, 33, 412, NULL),
(1895, 33, 413, NULL),
(1896, 33, 414, NULL),
(1897, 33, 415, NULL),
(1898, 33, 416, NULL),
(1899, 33, 417, NULL),
(1900, 33, 418, NULL),
(1901, 33, 419, NULL),
(1902, 33, 420, NULL),
(1903, 33, 421, NULL),
(1904, 33, 422, NULL),
(1905, 33, 423, NULL),
(1906, 33, 424, NULL),
(1907, 33, 425, NULL),
(1908, 33, 426, NULL),
(1909, 33, 427, NULL),
(1910, 33, 428, NULL),
(1911, 33, 429, NULL),
(1912, 33, 430, NULL),
(1913, 33, 431, NULL),
(1914, 33, 432, NULL),
(1915, 34, 433, NULL),
(1916, 34, 434, NULL),
(1917, 34, 435, NULL),
(1918, 34, 436, NULL),
(1919, 34, 437, NULL),
(1920, 34, 438, NULL),
(1921, 34, 439, NULL),
(1922, 34, 440, NULL),
(1923, 34, 441, NULL),
(1924, 34, 442, NULL),
(1925, 34, 443, NULL),
(1926, 34, 444, NULL),
(1927, 34, 445, NULL),
(1928, 34, 446, NULL),
(1929, 34, 447, NULL),
(1930, 34, 448, NULL),
(1931, 34, 449, NULL),
(1932, 34, 450, NULL),
(1933, 34, 451, NULL),
(1934, 34, 452, NULL),
(1935, 34, 453, NULL),
(1936, 34, 454, NULL),
(1937, 34, 455, NULL),
(1938, 34, 456, NULL),
(1939, 34, 457, NULL),
(1940, 34, 458, NULL),
(1941, 34, 459, NULL),
(1942, 34, 460, NULL),
(1943, 34, 461, NULL),
(1944, 34, 462, NULL),
(1945, 34, 463, NULL),
(1946, 34, 464, NULL),
(1947, 34, 465, NULL),
(1948, 34, 466, NULL),
(1949, 34, 467, NULL),
(1950, 34, 468, NULL),
(1951, 34, 469, NULL),
(1952, 34, 470, NULL),
(1953, 34, 471, NULL),
(1954, 34, 472, NULL),
(1955, 34, 473, NULL),
(1956, 34, 474, NULL),
(1957, 34, 475, NULL),
(1958, 34, 476, NULL),
(1959, 34, 477, NULL),
(1960, 34, 478, NULL),
(1961, 34, 479, NULL),
(1962, 34, 480, NULL),
(1963, 34, 481, NULL),
(1964, 34, 482, NULL),
(1965, 34, 483, NULL),
(1966, 34, 484, NULL),
(1967, 34, 485, NULL),
(1968, 34, 486, NULL),
(1969, 34, 487, NULL),
(1970, 34, 488, NULL),
(1971, 34, 489, NULL),
(1972, 34, 490, NULL),
(1973, 34, 491, NULL),
(1974, 34, 492, NULL),
(1975, 34, 493, NULL),
(1976, 34, 494, NULL),
(1977, 34, 495, NULL),
(1978, 34, 496, NULL),
(1979, 34, 497, NULL),
(1980, 34, 498, NULL),
(1981, 34, 499, NULL),
(1982, 34, 500, NULL),
(1983, 34, 501, NULL),
(1984, 34, 502, NULL),
(1985, 34, 503, NULL),
(1986, 34, 504, NULL),
(1987, 34, 505, NULL),
(1988, 34, 506, NULL),
(1989, 34, 507, NULL),
(1990, 34, 508, NULL),
(1991, 34, 509, NULL),
(1992, 34, 510, NULL),
(1993, 34, 511, NULL),
(1994, 34, 512, NULL),
(1995, 34, 513, NULL),
(1996, 34, 514, NULL),
(1997, 34, 515, NULL),
(1998, 34, 516, NULL),
(1999, 34, 517, NULL),
(2000, 34, 518, NULL),
(2001, 34, 519, NULL),
(2002, 34, 520, NULL),
(2003, 35, 1, NULL),
(2004, 35, 2, NULL),
(2005, 35, 3, NULL),
(2006, 35, 4, NULL),
(2007, 35, 5, NULL),
(2008, 35, 6, NULL),
(2009, 35, 7, NULL),
(2010, 35, 8, NULL),
(2011, 35, 9, NULL),
(2012, 35, 10, NULL),
(2013, 35, 11, NULL),
(2014, 35, 12, NULL),
(2015, 35, 13, NULL),
(2016, 35, 14, NULL),
(2017, 35, 15, NULL),
(2018, 35, 16, NULL),
(2019, 35, 17, NULL),
(2020, 35, 18, NULL),
(2021, 35, 19, NULL),
(2022, 35, 20, NULL),
(2023, 35, 21, NULL),
(2024, 35, 22, NULL),
(2025, 35, 23, NULL),
(2026, 35, 24, NULL),
(2027, 35, 25, NULL),
(2028, 35, 26, NULL),
(2029, 35, 27, NULL),
(2030, 35, 28, NULL),
(2031, 35, 29, NULL),
(2032, 35, 30, NULL),
(2033, 35, 31, NULL),
(2034, 35, 32, NULL),
(2035, 35, 33, NULL),
(2036, 35, 34, NULL),
(2037, 35, 35, NULL),
(2038, 35, 36, NULL),
(2039, 35, 37, NULL),
(2040, 35, 38, NULL),
(2041, 35, 39, NULL),
(2042, 35, 40, NULL),
(2043, 35, 41, NULL),
(2044, 35, 42, NULL),
(2045, 35, 43, NULL),
(2046, 35, 44, NULL),
(2047, 35, 45, NULL),
(2048, 35, 46, NULL),
(2049, 35, 47, NULL),
(2050, 35, 48, NULL),
(2051, 35, 49, NULL),
(2052, 35, 50, NULL),
(2053, 35, 51, NULL),
(2054, 35, 52, NULL),
(2055, 35, 53, NULL),
(2056, 35, 54, NULL),
(2057, 35, 55, NULL),
(2058, 35, 56, NULL),
(2059, 35, 57, NULL),
(2060, 35, 58, NULL),
(2061, 35, 59, NULL),
(2062, 35, 60, NULL),
(2063, 36, 1, NULL),
(2064, 36, 2, NULL),
(2065, 36, 3, NULL),
(2066, 36, 4, NULL),
(2067, 36, 5, NULL),
(2068, 36, 6, NULL),
(2069, 36, 7, NULL),
(2070, 36, 8, NULL),
(2071, 36, 9, NULL),
(2072, 36, 10, NULL),
(2073, 36, 11, NULL),
(2074, 36, 12, NULL),
(2075, 36, 13, NULL),
(2076, 36, 14, NULL),
(2077, 36, 15, NULL),
(2078, 36, 16, NULL),
(2079, 36, 17, NULL),
(2080, 36, 18, NULL),
(2081, 36, 19, NULL),
(2082, 36, 20, NULL),
(2083, 36, 21, NULL),
(2084, 36, 22, NULL),
(2085, 36, 23, NULL),
(2086, 36, 24, NULL),
(2087, 36, 25, NULL),
(2088, 36, 26, NULL),
(2089, 36, 27, NULL),
(2090, 36, 28, NULL),
(2091, 36, 29, NULL),
(2092, 36, 30, NULL),
(2093, 36, 31, NULL),
(2094, 36, 32, NULL),
(2095, 36, 33, NULL),
(2096, 36, 34, NULL),
(2097, 36, 35, NULL),
(2098, 36, 36, NULL),
(2099, 36, 37, NULL),
(2100, 36, 38, NULL),
(2101, 36, 39, NULL),
(2102, 36, 40, NULL),
(2103, 36, 41, NULL),
(2104, 36, 42, NULL),
(2105, 36, 43, NULL),
(2106, 36, 44, NULL),
(2107, 36, 45, NULL),
(2108, 36, 46, NULL),
(2109, 36, 47, NULL),
(2110, 36, 48, NULL),
(2111, 36, 49, NULL),
(2112, 36, 50, NULL),
(2113, 36, 51, NULL),
(2114, 36, 52, NULL),
(2115, 36, 53, NULL),
(2116, 36, 54, NULL),
(2117, 36, 55, NULL),
(2118, 36, 56, NULL),
(2119, 36, 57, NULL),
(2120, 36, 58, NULL),
(2121, 36, 59, NULL),
(2122, 36, 60, NULL),
(2123, 37, 1, NULL),
(2124, 37, 2, NULL),
(2125, 37, 3, NULL),
(2126, 37, 4, NULL),
(2127, 37, 5, NULL),
(2128, 37, 6, NULL),
(2129, 37, 7, NULL),
(2130, 37, 8, NULL),
(2131, 37, 9, NULL),
(2132, 37, 10, NULL),
(2133, 37, 11, NULL),
(2134, 37, 12, NULL),
(2135, 37, 13, NULL),
(2136, 37, 14, NULL),
(2137, 37, 15, NULL),
(2138, 37, 16, NULL),
(2139, 37, 17, NULL),
(2140, 37, 18, NULL),
(2141, 37, 19, NULL),
(2142, 37, 20, NULL),
(2143, 37, 21, NULL),
(2144, 37, 22, NULL),
(2145, 37, 23, NULL),
(2146, 37, 24, NULL),
(2147, 37, 25, NULL),
(2148, 37, 26, NULL),
(2149, 37, 27, NULL),
(2150, 37, 28, NULL),
(2151, 37, 29, NULL),
(2152, 37, 30, NULL),
(2153, 37, 31, NULL),
(2154, 37, 32, NULL),
(2155, 37, 33, NULL),
(2156, 37, 34, NULL),
(2157, 37, 35, NULL),
(2158, 37, 36, NULL),
(2159, 37, 37, NULL),
(2160, 37, 38, NULL),
(2161, 37, 39, NULL),
(2162, 37, 40, NULL),
(2163, 37, 41, NULL),
(2164, 37, 42, NULL),
(2165, 37, 43, NULL),
(2166, 37, 44, NULL),
(2167, 37, 45, NULL),
(2168, 37, 46, NULL),
(2169, 37, 47, NULL),
(2170, 37, 48, NULL),
(2171, 37, 49, NULL),
(2172, 37, 50, NULL),
(2173, 37, 51, NULL),
(2174, 37, 52, NULL),
(2175, 37, 53, NULL),
(2176, 37, 54, NULL),
(2177, 37, 55, NULL),
(2178, 37, 56, NULL),
(2179, 37, 57, NULL),
(2180, 37, 58, NULL),
(2181, 37, 59, NULL),
(2182, 37, 60, NULL),
(2183, 38, 356, NULL),
(2184, 38, 357, NULL),
(2185, 38, 358, NULL),
(2186, 38, 359, NULL),
(2187, 38, 360, NULL),
(2188, 38, 361, NULL),
(2189, 38, 362, NULL),
(2190, 38, 363, NULL),
(2191, 38, 364, NULL),
(2192, 38, 365, NULL),
(2193, 38, 366, NULL),
(2194, 38, 367, NULL),
(2195, 38, 368, NULL),
(2196, 38, 369, NULL),
(2197, 38, 370, NULL),
(2198, 38, 371, NULL),
(2199, 38, 372, NULL),
(2200, 38, 373, NULL),
(2201, 38, 374, NULL),
(2202, 38, 375, NULL),
(2203, 38, 376, NULL),
(2204, 38, 377, NULL),
(2205, 38, 378, NULL),
(2206, 38, 379, NULL),
(2207, 38, 380, NULL),
(2208, 38, 381, NULL),
(2209, 38, 382, NULL),
(2210, 38, 383, NULL),
(2211, 38, 384, NULL),
(2212, 38, 385, NULL),
(2213, 38, 386, NULL),
(2214, 38, 387, NULL),
(2215, 38, 388, NULL),
(2216, 38, 389, NULL),
(2217, 38, 390, NULL),
(2218, 38, 391, NULL),
(2219, 38, 392, NULL),
(2220, 38, 393, NULL),
(2221, 38, 394, NULL),
(2222, 38, 395, NULL),
(2223, 38, 396, NULL),
(2224, 38, 397, NULL),
(2225, 38, 398, NULL),
(2226, 38, 399, NULL),
(2227, 38, 400, NULL),
(2228, 38, 401, NULL),
(2229, 38, 402, NULL),
(2230, 38, 403, NULL),
(2231, 38, 404, NULL),
(2232, 38, 405, NULL),
(2233, 38, 406, NULL),
(2234, 38, 407, NULL),
(2235, 38, 408, NULL),
(2236, 38, 409, NULL),
(2237, 38, 410, NULL),
(2238, 38, 411, NULL),
(2239, 38, 412, NULL),
(2240, 38, 413, NULL),
(2241, 38, 414, NULL),
(2242, 38, 415, NULL),
(2243, 38, 416, NULL),
(2244, 38, 417, NULL),
(2245, 38, 418, NULL),
(2246, 38, 419, NULL),
(2247, 38, 420, NULL),
(2248, 38, 421, NULL),
(2249, 38, 422, NULL),
(2250, 38, 423, NULL),
(2251, 38, 424, NULL),
(2252, 38, 425, NULL),
(2253, 38, 426, NULL),
(2254, 38, 427, NULL),
(2255, 38, 428, NULL),
(2256, 38, 429, NULL),
(2257, 38, 430, NULL),
(2258, 38, 431, NULL),
(2259, 38, 432, NULL),
(2260, 39, 61, NULL),
(2261, 39, 62, NULL),
(2262, 39, 63, NULL),
(2263, 39, 64, NULL),
(2264, 39, 65, NULL),
(2265, 39, 66, NULL),
(2266, 39, 67, NULL),
(2267, 39, 68, NULL),
(2268, 39, 69, NULL),
(2269, 39, 70, NULL),
(2270, 39, 71, NULL),
(2271, 39, 72, NULL),
(2272, 39, 73, NULL),
(2273, 39, 74, NULL),
(2274, 39, 75, NULL),
(2275, 39, 76, NULL),
(2276, 39, 77, NULL),
(2277, 39, 78, NULL),
(2278, 39, 79, NULL),
(2279, 39, 80, NULL),
(2280, 39, 81, NULL),
(2281, 39, 82, NULL),
(2282, 39, 83, NULL),
(2283, 39, 84, NULL),
(2284, 39, 85, NULL),
(2285, 39, 86, NULL),
(2286, 39, 87, NULL),
(2287, 39, 88, NULL),
(2288, 39, 89, NULL),
(2289, 39, 90, NULL),
(2290, 39, 91, NULL),
(2291, 39, 92, NULL),
(2292, 39, 93, NULL),
(2293, 39, 94, NULL),
(2294, 39, 95, NULL),
(2295, 39, 96, NULL),
(2296, 39, 97, NULL),
(2297, 39, 98, NULL),
(2298, 39, 99, NULL),
(2299, 39, 100, NULL),
(2300, 39, 101, NULL),
(2301, 39, 102, NULL),
(2302, 39, 103, NULL),
(2303, 39, 104, NULL),
(2304, 39, 105, NULL),
(2305, 39, 106, NULL),
(2306, 39, 107, NULL),
(2307, 39, 108, NULL),
(2308, 39, 109, NULL),
(2309, 39, 110, NULL),
(2310, 39, 111, NULL),
(2311, 39, 112, NULL),
(2312, 39, 113, NULL),
(2313, 39, 114, NULL),
(2314, 39, 115, NULL),
(2315, 39, 116, NULL),
(2316, 39, 117, NULL),
(2317, 39, 118, NULL),
(2318, 39, 119, NULL),
(2319, 39, 120, NULL),
(2320, 39, 121, NULL),
(2321, 39, 122, NULL),
(2322, 39, 123, NULL),
(2323, 39, 124, NULL),
(2324, 39, 125, NULL),
(2325, 39, 126, NULL),
(2326, 39, 127, NULL),
(2327, 39, 128, NULL),
(2328, 39, 129, NULL),
(2329, 39, 130, NULL),
(2330, 39, 131, NULL),
(2331, 39, 132, NULL),
(2332, 39, 133, NULL),
(2333, 39, 134, NULL),
(2334, 39, 135, NULL),
(2335, 39, 136, NULL),
(2336, 39, 137, NULL),
(2337, 39, 138, NULL),
(2338, 39, 139, NULL),
(2339, 39, 140, NULL),
(2340, 39, 141, NULL),
(2341, 39, 142, NULL),
(2342, 39, 143, NULL),
(2343, 39, 144, NULL),
(2344, 39, 145, NULL),
(2345, 39, 146, NULL),
(2346, 40, 1, NULL),
(2347, 40, 2, NULL),
(2348, 40, 3, NULL),
(2349, 40, 4, NULL),
(2350, 40, 5, NULL),
(2351, 40, 6, NULL),
(2352, 40, 7, NULL),
(2353, 40, 8, NULL),
(2354, 40, 9, NULL),
(2355, 40, 10, NULL),
(2356, 40, 11, NULL),
(2357, 40, 12, NULL),
(2358, 40, 13, NULL),
(2359, 40, 14, NULL),
(2360, 40, 15, NULL),
(2361, 40, 16, NULL),
(2362, 40, 17, NULL),
(2363, 40, 18, NULL),
(2364, 40, 19, NULL),
(2365, 40, 20, NULL),
(2366, 40, 21, NULL),
(2367, 40, 22, NULL),
(2368, 40, 23, NULL),
(2369, 40, 24, NULL),
(2370, 40, 25, NULL),
(2371, 40, 26, NULL),
(2372, 40, 27, NULL),
(2373, 40, 28, NULL),
(2374, 40, 29, NULL),
(2375, 40, 30, NULL),
(2376, 40, 31, NULL),
(2377, 40, 32, NULL),
(2378, 40, 33, NULL),
(2379, 40, 34, NULL),
(2380, 40, 35, NULL),
(2381, 40, 36, NULL),
(2382, 40, 37, NULL),
(2383, 40, 38, NULL),
(2384, 40, 39, NULL),
(2385, 40, 40, NULL),
(2386, 40, 41, NULL),
(2387, 40, 42, NULL),
(2388, 40, 43, NULL),
(2389, 40, 44, NULL),
(2390, 40, 45, NULL),
(2391, 40, 46, NULL),
(2392, 40, 47, NULL),
(2393, 40, 48, NULL),
(2394, 40, 49, NULL),
(2395, 40, 50, NULL),
(2396, 40, 51, NULL),
(2397, 40, 52, NULL),
(2398, 40, 53, NULL),
(2399, 40, 54, NULL),
(2400, 40, 55, NULL),
(2401, 40, 56, NULL),
(2402, 40, 57, NULL),
(2403, 40, 58, NULL),
(2404, 40, 59, NULL),
(2405, 40, 60, NULL),
(2406, 41, 290, NULL),
(2407, 41, 291, NULL),
(2408, 41, 292, NULL),
(2409, 41, 293, NULL),
(2410, 41, 294, NULL),
(2411, 41, 295, NULL),
(2412, 41, 296, NULL),
(2413, 41, 297, NULL),
(2414, 41, 298, NULL),
(2415, 41, 299, NULL),
(2416, 41, 300, NULL),
(2417, 41, 301, NULL),
(2418, 41, 302, NULL),
(2419, 41, 303, NULL),
(2420, 41, 304, NULL),
(2421, 41, 305, NULL),
(2422, 41, 306, NULL),
(2423, 41, 307, NULL),
(2424, 41, 308, NULL),
(2425, 41, 309, NULL),
(2426, 41, 310, NULL),
(2427, 41, 311, NULL),
(2428, 41, 312, NULL),
(2429, 41, 313, NULL),
(2430, 41, 314, NULL),
(2431, 41, 315, NULL),
(2432, 41, 316, NULL),
(2433, 41, 317, NULL),
(2434, 41, 318, NULL),
(2435, 41, 319, NULL),
(2436, 41, 320, NULL),
(2437, 41, 321, NULL),
(2438, 41, 322, NULL),
(2439, 41, 323, NULL),
(2440, 41, 324, NULL),
(2441, 41, 325, NULL),
(2442, 41, 326, NULL),
(2443, 41, 327, NULL),
(2444, 41, 328, NULL),
(2445, 41, 329, NULL),
(2446, 41, 330, NULL),
(2447, 41, 331, NULL),
(2448, 41, 332, NULL),
(2449, 41, 333, NULL),
(2450, 41, 334, NULL),
(2451, 41, 335, NULL),
(2452, 41, 336, NULL),
(2453, 41, 337, NULL),
(2454, 41, 338, NULL),
(2455, 41, 339, NULL),
(2456, 41, 340, NULL),
(2457, 41, 341, NULL),
(2458, 41, 342, NULL),
(2459, 41, 343, NULL),
(2460, 41, 344, NULL),
(2461, 41, 345, NULL),
(2462, 41, 346, NULL),
(2463, 41, 347, NULL),
(2464, 41, 348, NULL),
(2465, 41, 349, NULL),
(2466, 41, 350, NULL),
(2467, 41, 351, NULL),
(2468, 41, 352, NULL),
(2469, 41, 353, NULL),
(2470, 41, 354, NULL),
(2471, 41, 355, NULL),
(2472, 42, 1, NULL),
(2473, 42, 2, NULL),
(2474, 42, 3, NULL),
(2475, 42, 4, NULL),
(2476, 42, 5, NULL),
(2477, 42, 6, NULL),
(2478, 42, 7, NULL),
(2479, 42, 8, NULL),
(2480, 42, 9, NULL),
(2481, 42, 10, NULL),
(2482, 42, 11, NULL),
(2483, 42, 12, NULL),
(2484, 42, 13, NULL),
(2485, 42, 14, NULL),
(2486, 42, 15, NULL),
(2487, 42, 16, NULL),
(2488, 42, 17, NULL),
(2489, 42, 18, NULL),
(2490, 42, 19, NULL),
(2491, 42, 20, NULL),
(2492, 42, 21, NULL),
(2493, 42, 22, NULL),
(2494, 42, 23, NULL),
(2495, 42, 24, NULL),
(2496, 42, 25, NULL),
(2497, 42, 26, NULL),
(2498, 42, 27, NULL),
(2499, 42, 28, NULL),
(2500, 42, 29, NULL);
INSERT INTO `ve` (`id`, `id_lichchieu`, `id_ghe`, `id_user`) VALUES
(2501, 42, 30, NULL),
(2502, 42, 31, NULL),
(2503, 42, 32, NULL),
(2504, 42, 33, NULL),
(2505, 42, 34, NULL),
(2506, 42, 35, NULL),
(2507, 42, 36, NULL),
(2508, 42, 37, NULL),
(2509, 42, 38, NULL),
(2510, 42, 39, NULL),
(2511, 42, 40, NULL),
(2512, 42, 41, NULL),
(2513, 42, 42, NULL),
(2514, 42, 43, NULL),
(2515, 42, 44, NULL),
(2516, 42, 45, NULL),
(2517, 42, 46, NULL),
(2518, 42, 47, NULL),
(2519, 42, 48, NULL),
(2520, 42, 49, NULL),
(2521, 42, 50, NULL),
(2522, 42, 51, NULL),
(2523, 42, 52, NULL),
(2524, 42, 53, NULL),
(2525, 42, 54, NULL),
(2526, 42, 55, NULL),
(2527, 42, 56, NULL),
(2528, 42, 57, NULL),
(2529, 42, 58, NULL),
(2530, 42, 59, NULL),
(2531, 42, 60, NULL),
(2532, 43, 290, NULL),
(2533, 43, 291, NULL),
(2534, 43, 292, NULL),
(2535, 43, 293, NULL),
(2536, 43, 294, NULL),
(2537, 43, 295, NULL),
(2538, 43, 296, NULL),
(2539, 43, 297, NULL),
(2540, 43, 298, NULL),
(2541, 43, 299, NULL),
(2542, 43, 300, NULL),
(2543, 43, 301, NULL),
(2544, 43, 302, NULL),
(2545, 43, 303, NULL),
(2546, 43, 304, NULL),
(2547, 43, 305, NULL),
(2548, 43, 306, NULL),
(2549, 43, 307, NULL),
(2550, 43, 308, NULL),
(2551, 43, 309, NULL),
(2552, 43, 310, NULL),
(2553, 43, 311, NULL),
(2554, 43, 312, NULL),
(2555, 43, 313, NULL),
(2556, 43, 314, NULL),
(2557, 43, 315, NULL),
(2558, 43, 316, NULL),
(2559, 43, 317, NULL),
(2560, 43, 318, NULL),
(2561, 43, 319, NULL),
(2562, 43, 320, NULL),
(2563, 43, 321, NULL),
(2564, 43, 322, NULL),
(2565, 43, 323, NULL),
(2566, 43, 324, NULL),
(2567, 43, 325, NULL),
(2568, 43, 326, NULL),
(2569, 43, 327, NULL),
(2570, 43, 328, NULL),
(2571, 43, 329, NULL),
(2572, 43, 330, NULL),
(2573, 43, 331, NULL),
(2574, 43, 332, NULL),
(2575, 43, 333, NULL),
(2576, 43, 334, NULL),
(2577, 43, 335, NULL),
(2578, 43, 336, NULL),
(2579, 43, 337, NULL),
(2580, 43, 338, NULL),
(2581, 43, 339, NULL),
(2582, 43, 340, NULL),
(2583, 43, 341, NULL),
(2584, 43, 342, NULL),
(2585, 43, 343, NULL),
(2586, 43, 344, NULL),
(2587, 43, 345, NULL),
(2588, 43, 346, NULL),
(2589, 43, 347, NULL),
(2590, 43, 348, NULL),
(2591, 43, 349, NULL),
(2592, 43, 350, NULL),
(2593, 43, 351, NULL),
(2594, 43, 352, NULL),
(2595, 43, 353, NULL),
(2596, 43, 354, NULL),
(2597, 43, 355, NULL),
(2598, 44, 1, NULL),
(2599, 44, 2, NULL),
(2600, 44, 3, NULL),
(2601, 44, 4, NULL),
(2602, 44, 5, NULL),
(2603, 44, 6, NULL),
(2604, 44, 7, NULL),
(2605, 44, 8, NULL),
(2606, 44, 9, NULL),
(2607, 44, 10, NULL),
(2608, 44, 11, NULL),
(2609, 44, 12, NULL),
(2610, 44, 13, NULL),
(2611, 44, 14, NULL),
(2612, 44, 15, NULL),
(2613, 44, 16, NULL),
(2614, 44, 17, NULL),
(2615, 44, 18, NULL),
(2616, 44, 19, NULL),
(2617, 44, 20, NULL),
(2618, 44, 21, NULL),
(2619, 44, 22, NULL),
(2620, 44, 23, NULL),
(2621, 44, 24, NULL),
(2622, 44, 25, NULL),
(2623, 44, 26, NULL),
(2624, 44, 27, NULL),
(2625, 44, 28, NULL),
(2626, 44, 29, NULL),
(2627, 44, 30, NULL),
(2628, 44, 31, NULL),
(2629, 44, 32, NULL),
(2630, 44, 33, NULL),
(2631, 44, 34, NULL),
(2632, 44, 35, NULL),
(2633, 44, 36, NULL),
(2634, 44, 37, NULL),
(2635, 44, 38, NULL),
(2636, 44, 39, NULL),
(2637, 44, 40, NULL),
(2638, 44, 41, NULL),
(2639, 44, 42, NULL),
(2640, 44, 43, NULL),
(2641, 44, 44, NULL),
(2642, 44, 45, NULL),
(2643, 44, 46, NULL),
(2644, 44, 47, NULL),
(2645, 44, 48, NULL),
(2646, 44, 49, NULL),
(2647, 44, 50, NULL),
(2648, 44, 51, NULL),
(2649, 44, 52, NULL),
(2650, 44, 53, NULL),
(2651, 44, 54, NULL),
(2652, 44, 55, NULL),
(2653, 44, 56, NULL),
(2654, 44, 57, NULL),
(2655, 44, 58, NULL),
(2656, 44, 59, NULL),
(2657, 44, 60, NULL),
(2658, 45, 290, NULL),
(2659, 45, 291, NULL),
(2660, 45, 292, NULL),
(2661, 45, 293, NULL),
(2662, 45, 294, NULL),
(2663, 45, 295, NULL),
(2664, 45, 296, NULL),
(2665, 45, 297, NULL),
(2666, 45, 298, NULL),
(2667, 45, 299, NULL),
(2668, 45, 300, NULL),
(2669, 45, 301, NULL),
(2670, 45, 302, NULL),
(2671, 45, 303, NULL),
(2672, 45, 304, NULL),
(2673, 45, 305, NULL),
(2674, 45, 306, NULL),
(2675, 45, 307, NULL),
(2676, 45, 308, NULL),
(2677, 45, 309, NULL),
(2678, 45, 310, NULL),
(2679, 45, 311, NULL),
(2680, 45, 312, NULL),
(2681, 45, 313, NULL),
(2682, 45, 314, NULL),
(2683, 45, 315, NULL),
(2684, 45, 316, NULL),
(2685, 45, 317, NULL),
(2686, 45, 318, NULL),
(2687, 45, 319, NULL),
(2688, 45, 320, NULL),
(2689, 45, 321, NULL),
(2690, 45, 322, NULL),
(2691, 45, 323, NULL),
(2692, 45, 324, NULL),
(2693, 45, 325, NULL),
(2694, 45, 326, NULL),
(2695, 45, 327, NULL),
(2696, 45, 328, NULL),
(2697, 45, 329, NULL),
(2698, 45, 330, NULL),
(2699, 45, 331, NULL),
(2700, 45, 332, NULL),
(2701, 45, 333, NULL),
(2702, 45, 334, NULL),
(2703, 45, 335, NULL),
(2704, 45, 336, NULL),
(2705, 45, 337, NULL),
(2706, 45, 338, NULL),
(2707, 45, 339, NULL),
(2708, 45, 340, NULL),
(2709, 45, 341, NULL),
(2710, 45, 342, NULL),
(2711, 45, 343, NULL),
(2712, 45, 344, NULL),
(2713, 45, 345, NULL),
(2714, 45, 346, NULL),
(2715, 45, 347, NULL),
(2716, 45, 348, NULL),
(2717, 45, 349, NULL),
(2718, 45, 350, NULL),
(2719, 45, 351, NULL),
(2720, 45, 352, NULL),
(2721, 45, 353, NULL),
(2722, 45, 354, NULL),
(2723, 45, 355, NULL),
(2724, 46, 1, NULL),
(2725, 46, 2, NULL),
(2726, 46, 3, NULL),
(2727, 46, 4, NULL),
(2728, 46, 5, NULL),
(2729, 46, 6, NULL),
(2730, 46, 7, NULL),
(2731, 46, 8, NULL),
(2732, 46, 9, NULL),
(2733, 46, 10, NULL),
(2734, 46, 11, NULL),
(2735, 46, 12, NULL),
(2736, 46, 13, NULL),
(2737, 46, 14, NULL),
(2738, 46, 15, NULL),
(2739, 46, 16, NULL),
(2740, 46, 17, NULL),
(2741, 46, 18, NULL),
(2742, 46, 19, NULL),
(2743, 46, 20, NULL),
(2744, 46, 21, NULL),
(2745, 46, 22, NULL),
(2746, 46, 23, NULL),
(2747, 46, 24, NULL),
(2748, 46, 25, NULL),
(2749, 46, 26, NULL),
(2750, 46, 27, NULL),
(2751, 46, 28, NULL),
(2752, 46, 29, NULL),
(2753, 46, 30, NULL),
(2754, 46, 31, NULL),
(2755, 46, 32, NULL),
(2756, 46, 33, NULL),
(2757, 46, 34, NULL),
(2758, 46, 35, NULL),
(2759, 46, 36, NULL),
(2760, 46, 37, NULL),
(2761, 46, 38, NULL),
(2762, 46, 39, NULL),
(2763, 46, 40, NULL),
(2764, 46, 41, NULL),
(2765, 46, 42, NULL),
(2766, 46, 43, NULL),
(2767, 46, 44, NULL),
(2768, 46, 45, NULL),
(2769, 46, 46, NULL),
(2770, 46, 47, NULL),
(2771, 46, 48, NULL),
(2772, 46, 49, NULL),
(2773, 46, 50, NULL),
(2774, 46, 51, NULL),
(2775, 46, 52, NULL),
(2776, 46, 53, NULL),
(2777, 46, 54, NULL),
(2778, 46, 55, NULL),
(2779, 46, 56, NULL),
(2780, 46, 57, NULL),
(2781, 46, 58, NULL),
(2782, 46, 59, NULL),
(2783, 46, 60, NULL),
(2784, 47, 290, NULL),
(2785, 47, 291, NULL),
(2786, 47, 292, NULL),
(2787, 47, 293, NULL),
(2788, 47, 294, NULL),
(2789, 47, 295, NULL),
(2790, 47, 296, NULL),
(2791, 47, 297, NULL),
(2792, 47, 298, NULL),
(2793, 47, 299, NULL),
(2794, 47, 300, NULL),
(2795, 47, 301, NULL),
(2796, 47, 302, NULL),
(2797, 47, 303, NULL),
(2798, 47, 304, NULL),
(2799, 47, 305, NULL),
(2800, 47, 306, NULL),
(2801, 47, 307, NULL),
(2802, 47, 308, NULL),
(2803, 47, 309, NULL),
(2804, 47, 310, NULL),
(2805, 47, 311, NULL),
(2806, 47, 312, NULL),
(2807, 47, 313, NULL),
(2808, 47, 314, NULL),
(2809, 47, 315, NULL),
(2810, 47, 316, NULL),
(2811, 47, 317, NULL),
(2812, 47, 318, NULL),
(2813, 47, 319, NULL),
(2814, 47, 320, NULL),
(2815, 47, 321, NULL),
(2816, 47, 322, NULL),
(2817, 47, 323, NULL),
(2818, 47, 324, NULL),
(2819, 47, 325, NULL),
(2820, 47, 326, NULL),
(2821, 47, 327, NULL),
(2822, 47, 328, NULL),
(2823, 47, 329, NULL),
(2824, 47, 330, NULL),
(2825, 47, 331, NULL),
(2826, 47, 332, NULL),
(2827, 47, 333, NULL),
(2828, 47, 334, NULL),
(2829, 47, 335, NULL),
(2830, 47, 336, NULL),
(2831, 47, 337, NULL),
(2832, 47, 338, NULL),
(2833, 47, 339, NULL),
(2834, 47, 340, NULL),
(2835, 47, 341, NULL),
(2836, 47, 342, NULL),
(2837, 47, 343, NULL),
(2838, 47, 344, NULL),
(2839, 47, 345, NULL),
(2840, 47, 346, NULL),
(2841, 47, 347, NULL),
(2842, 47, 348, NULL),
(2843, 47, 349, NULL),
(2844, 47, 350, NULL),
(2845, 47, 351, NULL),
(2846, 47, 352, NULL),
(2847, 47, 353, NULL),
(2848, 47, 354, NULL),
(2849, 47, 355, NULL),
(2850, 48, 1, NULL),
(2851, 48, 2, NULL),
(2852, 48, 3, NULL),
(2853, 48, 4, NULL),
(2854, 48, 5, NULL),
(2855, 48, 6, NULL),
(2856, 48, 7, NULL),
(2857, 48, 8, NULL),
(2858, 48, 9, NULL),
(2859, 48, 10, NULL),
(2860, 48, 11, NULL),
(2861, 48, 12, NULL),
(2862, 48, 13, NULL),
(2863, 48, 14, NULL),
(2864, 48, 15, NULL),
(2865, 48, 16, NULL),
(2866, 48, 17, NULL),
(2867, 48, 18, NULL),
(2868, 48, 19, NULL),
(2869, 48, 20, NULL),
(2870, 48, 21, NULL),
(2871, 48, 22, NULL),
(2872, 48, 23, NULL),
(2873, 48, 24, NULL),
(2874, 48, 25, NULL),
(2875, 48, 26, NULL),
(2876, 48, 27, NULL),
(2877, 48, 28, NULL),
(2878, 48, 29, NULL),
(2879, 48, 30, NULL),
(2880, 48, 31, NULL),
(2881, 48, 32, NULL),
(2882, 48, 33, NULL),
(2883, 48, 34, NULL),
(2884, 48, 35, NULL),
(2885, 48, 36, NULL),
(2886, 48, 37, NULL),
(2887, 48, 38, NULL),
(2888, 48, 39, NULL),
(2889, 48, 40, NULL),
(2890, 48, 41, NULL),
(2891, 48, 42, NULL),
(2892, 48, 43, NULL),
(2893, 48, 44, NULL),
(2894, 48, 45, NULL),
(2895, 48, 46, NULL),
(2896, 48, 47, NULL),
(2897, 48, 48, NULL),
(2898, 48, 49, NULL),
(2899, 48, 50, NULL),
(2900, 48, 51, NULL),
(2901, 48, 52, NULL),
(2902, 48, 53, NULL),
(2903, 48, 54, NULL),
(2904, 48, 55, NULL),
(2905, 48, 56, NULL),
(2906, 48, 57, NULL),
(2907, 48, 58, NULL),
(2908, 48, 59, NULL),
(2909, 48, 60, NULL),
(2910, 49, 290, NULL),
(2911, 49, 291, NULL),
(2912, 49, 292, NULL),
(2913, 49, 293, NULL),
(2914, 49, 294, NULL),
(2915, 49, 295, NULL),
(2916, 49, 296, NULL),
(2917, 49, 297, NULL),
(2918, 49, 298, NULL),
(2919, 49, 299, NULL),
(2920, 49, 300, NULL),
(2921, 49, 301, NULL),
(2922, 49, 302, NULL),
(2923, 49, 303, NULL),
(2924, 49, 304, NULL),
(2925, 49, 305, NULL),
(2926, 49, 306, NULL),
(2927, 49, 307, NULL),
(2928, 49, 308, NULL),
(2929, 49, 309, NULL),
(2930, 49, 310, NULL),
(2931, 49, 311, NULL),
(2932, 49, 312, NULL),
(2933, 49, 313, NULL),
(2934, 49, 314, NULL),
(2935, 49, 315, NULL),
(2936, 49, 316, NULL),
(2937, 49, 317, NULL),
(2938, 49, 318, NULL),
(2939, 49, 319, NULL),
(2940, 49, 320, NULL),
(2941, 49, 321, NULL),
(2942, 49, 322, NULL),
(2943, 49, 323, NULL),
(2944, 49, 324, NULL),
(2945, 49, 325, NULL),
(2946, 49, 326, NULL),
(2947, 49, 327, NULL),
(2948, 49, 328, NULL),
(2949, 49, 329, NULL),
(2950, 49, 330, NULL),
(2951, 49, 331, NULL),
(2952, 49, 332, NULL),
(2953, 49, 333, NULL),
(2954, 49, 334, NULL),
(2955, 49, 335, NULL),
(2956, 49, 336, NULL),
(2957, 49, 337, NULL),
(2958, 49, 338, NULL),
(2959, 49, 339, NULL),
(2960, 49, 340, NULL),
(2961, 49, 341, NULL),
(2962, 49, 342, NULL),
(2963, 49, 343, NULL),
(2964, 49, 344, NULL),
(2965, 49, 345, NULL),
(2966, 49, 346, NULL),
(2967, 49, 347, NULL),
(2968, 49, 348, NULL),
(2969, 49, 349, NULL),
(2970, 49, 350, NULL),
(2971, 49, 351, NULL),
(2972, 49, 352, NULL),
(2973, 49, 353, NULL),
(2974, 49, 354, NULL),
(2975, 49, 355, NULL);

--
-- Chỉ mục cho các bảng đã đổ
--

--
-- Chỉ mục cho bảng `cmtphim`
--
ALTER TABLE `cmtphim`
  ADD PRIMARY KEY (`id`),
  ADD KEY `cmtphim_id_phim_foreign` (`id_phim`),
  ADD KEY `cmtphim_id_user_foreign` (`id_user`);

--
-- Chỉ mục cho bảng `cmttintuc`
--
ALTER TABLE `cmttintuc`
  ADD PRIMARY KEY (`id`),
  ADD KEY `cmttintuc_id_tintuc_foreign` (`id_tintuc`),
  ADD KEY `cmttintuc_id_user_foreign` (`id_user`);

--
-- Chỉ mục cho bảng `combo`
--
ALTER TABLE `combo`
  ADD PRIMARY KEY (`id`);

--
-- Chỉ mục cho bảng `datcombo`
--
ALTER TABLE `datcombo`
  ADD PRIMARY KEY (`id`),
  ADD KEY `datcombo_id_lichchieu_foreign` (`id_lichchieu`),
  ADD KEY `datcombo_id_user_foreign` (`id_user`),
  ADD KEY `datcombo_id_combo_foreign` (`id_combo`);

--
-- Chỉ mục cho bảng `ghe`
--
ALTER TABLE `ghe`
  ADD PRIMARY KEY (`id`),
  ADD KEY `ghe_id_phong_foreign` (`id_phong`);

--
-- Chỉ mục cho bảng `lichchieu`
--
ALTER TABLE `lichchieu`
  ADD PRIMARY KEY (`id`),
  ADD KEY `lichchieu_id_phim_foreign` (`id_phim`),
  ADD KEY `lichchieu_id_rap_foreign` (`id_rap`),
  ADD KEY `id_phong` (`id_phong`);

--
-- Chỉ mục cho bảng `migrations`
--
ALTER TABLE `migrations`
  ADD PRIMARY KEY (`id`);

--
-- Chỉ mục cho bảng `password_resets`
--
ALTER TABLE `password_resets`
  ADD KEY `password_resets_email_index` (`email`);

--
-- Chỉ mục cho bảng `phim`
--
ALTER TABLE `phim`
  ADD PRIMARY KEY (`id`);

--
-- Chỉ mục cho bảng `phong`
--
ALTER TABLE `phong`
  ADD PRIMARY KEY (`id`),
  ADD KEY `phong_rap` (`id_rap`);

--
-- Chỉ mục cho bảng `rap`
--
ALTER TABLE `rap`
  ADD PRIMARY KEY (`id`);

--
-- Chỉ mục cho bảng `slide`
--
ALTER TABLE `slide`
  ADD PRIMARY KEY (`id`);

--
-- Chỉ mục cho bảng `tintuc`
--
ALTER TABLE `tintuc`
  ADD PRIMARY KEY (`id`);

--
-- Chỉ mục cho bảng `users`
--
ALTER TABLE `users`
  ADD PRIMARY KEY (`id`),
  ADD UNIQUE KEY `users_email_unique` (`email`);

--
-- Chỉ mục cho bảng `ve`
--
ALTER TABLE `ve`
  ADD PRIMARY KEY (`id`),
  ADD KEY `ve_lich` (`id_lichchieu`),
  ADD KEY `ve_ghe` (`id_ghe`),
  ADD KEY `ve_user` (`id_user`);

--
-- AUTO_INCREMENT cho các bảng đã đổ
--

--
-- AUTO_INCREMENT cho bảng `cmtphim`
--
ALTER TABLE `cmtphim`
  MODIFY `id` bigint(20) UNSIGNED NOT NULL AUTO_INCREMENT, AUTO_INCREMENT=3;

--
-- AUTO_INCREMENT cho bảng `cmttintuc`
--
ALTER TABLE `cmttintuc`
  MODIFY `id` bigint(20) UNSIGNED NOT NULL AUTO_INCREMENT;

--
-- AUTO_INCREMENT cho bảng `combo`
--
ALTER TABLE `combo`
  MODIFY `id` bigint(20) UNSIGNED NOT NULL AUTO_INCREMENT, AUTO_INCREMENT=4;

--
-- AUTO_INCREMENT cho bảng `datcombo`
--
ALTER TABLE `datcombo`
  MODIFY `id` bigint(20) UNSIGNED NOT NULL AUTO_INCREMENT, AUTO_INCREMENT=3;

--
-- AUTO_INCREMENT cho bảng `ghe`
--
ALTER TABLE `ghe`
  MODIFY `id` bigint(20) UNSIGNED NOT NULL AUTO_INCREMENT, AUTO_INCREMENT=609;

--
-- AUTO_INCREMENT cho bảng `lichchieu`
--
ALTER TABLE `lichchieu`
  MODIFY `id` bigint(20) UNSIGNED NOT NULL AUTO_INCREMENT, AUTO_INCREMENT=50;

--
-- AUTO_INCREMENT cho bảng `migrations`
--
ALTER TABLE `migrations`
  MODIFY `id` int(10) UNSIGNED NOT NULL AUTO_INCREMENT, AUTO_INCREMENT=17;

--
-- AUTO_INCREMENT cho bảng `phim`
--
ALTER TABLE `phim`
  MODIFY `id` bigint(20) UNSIGNED NOT NULL AUTO_INCREMENT, AUTO_INCREMENT=20;

--
-- AUTO_INCREMENT cho bảng `phong`
--
ALTER TABLE `phong`
  MODIFY `id` bigint(20) UNSIGNED NOT NULL AUTO_INCREMENT, AUTO_INCREMENT=9;

--
-- AUTO_INCREMENT cho bảng `rap`
--
ALTER TABLE `rap`
  MODIFY `id` bigint(20) UNSIGNED NOT NULL AUTO_INCREMENT, AUTO_INCREMENT=3;

--
-- AUTO_INCREMENT cho bảng `slide`
--
ALTER TABLE `slide`
  MODIFY `id` bigint(20) UNSIGNED NOT NULL AUTO_INCREMENT, AUTO_INCREMENT=6;

--
-- AUTO_INCREMENT cho bảng `tintuc`
--
ALTER TABLE `tintuc`
  MODIFY `id` bigint(20) UNSIGNED NOT NULL AUTO_INCREMENT, AUTO_INCREMENT=5;

--
-- AUTO_INCREMENT cho bảng `users`
--
ALTER TABLE `users`
  MODIFY `id` bigint(20) UNSIGNED NOT NULL AUTO_INCREMENT, AUTO_INCREMENT=9;

--
-- AUTO_INCREMENT cho bảng `ve`
--
ALTER TABLE `ve`
  MODIFY `id` bigint(20) UNSIGNED NOT NULL AUTO_INCREMENT, AUTO_INCREMENT=2976;

--
-- Các ràng buộc cho các bảng đã đổ
--

--
-- Các ràng buộc cho bảng `cmtphim`
--
ALTER TABLE `cmtphim`
  ADD CONSTRAINT `cmtphim_id_phim_foreign` FOREIGN KEY (`id_phim`) REFERENCES `phim` (`id`),
  ADD CONSTRAINT `cmtphim_id_user_foreign` FOREIGN KEY (`id_user`) REFERENCES `users` (`id`);

--
-- Các ràng buộc cho bảng `cmttintuc`
--
ALTER TABLE `cmttintuc`
  ADD CONSTRAINT `cmttintuc_id_tintuc_foreign` FOREIGN KEY (`id_tintuc`) REFERENCES `tintuc` (`id`),
  ADD CONSTRAINT `cmttintuc_id_user_foreign` FOREIGN KEY (`id_user`) REFERENCES `users` (`id`);

--
-- Các ràng buộc cho bảng `datcombo`
--
ALTER TABLE `datcombo`
  ADD CONSTRAINT `datcombo_id_combo_foreign` FOREIGN KEY (`id_combo`) REFERENCES `combo` (`id`),
  ADD CONSTRAINT `datcombo_id_lichchieu_foreign` FOREIGN KEY (`id_lichchieu`) REFERENCES `lichchieu` (`id`),
  ADD CONSTRAINT `datcombo_id_user_foreign` FOREIGN KEY (`id_user`) REFERENCES `users` (`id`);

--
-- Các ràng buộc cho bảng `ghe`
--
ALTER TABLE `ghe`
  ADD CONSTRAINT `ghe_id_phong_foreign` FOREIGN KEY (`id_phong`) REFERENCES `phong` (`id`);

--
-- Các ràng buộc cho bảng `lichchieu`
--
ALTER TABLE `lichchieu`
  ADD CONSTRAINT `lichchieu_ibfk_1` FOREIGN KEY (`id_phong`) REFERENCES `phong` (`id`),
  ADD CONSTRAINT `lichchieu_id_phim_foreign` FOREIGN KEY (`id_phim`) REFERENCES `phim` (`id`),
  ADD CONSTRAINT `lichchieu_id_rap_foreign` FOREIGN KEY (`id_rap`) REFERENCES `rap` (`id`);

--
-- Các ràng buộc cho bảng `phong`
--
ALTER TABLE `phong`
  ADD CONSTRAINT `phong_rap` FOREIGN KEY (`id_rap`) REFERENCES `rap` (`id`);

--
-- Các ràng buộc cho bảng `ve`
--
ALTER TABLE `ve`
  ADD CONSTRAINT `ve_ghe` FOREIGN KEY (`id_ghe`) REFERENCES `ghe` (`id`),
  ADD CONSTRAINT `ve_lich` FOREIGN KEY (`id_lichchieu`) REFERENCES `lichchieu` (`id`),
  ADD CONSTRAINT `ve_user` FOREIGN KEY (`id_user`) REFERENCES `users` (`id`);
COMMIT;

/*!40101 SET CHARACTER_SET_CLIENT=@OLD_CHARACTER_SET_CLIENT */;
/*!40101 SET CHARACTER_SET_RESULTS=@OLD_CHARACTER_SET_RESULTS */;
/*!40101 SET COLLATION_CONNECTION=@OLD_COLLATION_CONNECTION */;
